path,label
BK63_XPJ_20140817_140019_rgb_f000000,1
BK63_XPJ_20140817_140019_rgb_f000010,1
BK63_XPJ_20140817_140019_rgb_f000020,1
BK63_XPJ_20140817_140019_rgb_f000030,1
BK63_XPJ_20140817_140019_rgb_f000040,1
BK63_XPJ_20140817_140019_rgb_f000050,1
BK63_XPJ_20140817_140019_rgb_f000060,1
BK63_XPJ_20140817_140019_rgb_f000070,1
BK63_XPJ_20140817_140019_rgb_f000080,1
BK63_XPJ_20140817_140019_rgb_f000090,1
BK63_XPJ_20140817_140019_rgb_f000100,1
BK63_XPJ_20140817_140019_rgb_f000110,1
BK63_XPJ_20140817_140019_rgb_f000120,1
BK63_XPJ_20140817_140019_rgb_f000130,1
BK63_XPJ_20140817_140019_rgb_f000140,1
BK63_XPJ_20140817_140019_rgb_f000150,1
BK63_XPJ_20140817_140019_rgb_f000160,1
BK63_XPJ_20140817_140019_rgb_f000170,1
BK63_XPJ_20140817_140019_rgb_f000180,1
BK63_XPJ_20140817_140019_rgb_f000190,1
BK63_XPJ_20140817_140019_rgb_f000200,1
BK63_XPJ_20140817_140019_rgb_f000210,1
BK63_XPJ_20140817_140019_rgb_f000220,1
BK63_XPJ_20140817_140019_rgb_f000230,1
BK63_XPJ_20140817_140019_rgb_f000240,1
BK63_XPJ_20140817_140019_rgb_f000250,1
BK63_XPJ_20140817_140019_rgb_f000260,1
BK63_XPJ_20140817_140019_rgb_f000270,1
BK63_XPJ_20140817_140019_rgb_f000280,1
BK63_XPJ_20140817_140019_rgb_f000290,1
BK63_XPJ_20140817_140019_rgb_f000300,1
BK63_XPJ_20140817_140019_rgb_f000310,1
BK63_XPJ_20140817_140019_rgb_f000320,1
BK63_XPJ_20140817_140019_rgb_f000330,1
BK63_XPJ_20140817_140019_rgb_f000340,1
BK63_XPJ_20140817_140019_rgb_f000350,1
BK63_XPJ_20140817_140019_rgb_f000360,1
BK63_XPJ_20140817_140019_rgb_f000370,1
BK63_XPJ_20140817_140019_rgb_f000380,1
BK63_XPJ_20140817_140019_rgb_f000390,1
BK63_XPJ_20140817_140019_rgb_f000400,1
BK63_XPJ_20140817_140019_rgb_f000410,1
BK63_XPJ_20140817_140019_rgb_f000420,1
BK63_XPJ_20140817_140019_rgb_f000430,1
BK63_XPJ_20140817_140019_rgb_f000440,1
BK63_XPJ_20140817_140019_rgb_f000450,1
BK63_XPJ_20140817_140019_rgb_f000460,1
BK63_XPJ_20140817_140019_rgb_f000470,1
BK63_XPJ_20140817_140019_rgb_f000480,1
BK63_XPJ_20140817_140019_rgb_f000490,1
BK63_XPJ_20140817_140019_rgb_f000500,1
BK63_XPJ_20140817_140019_rgb_f000510,1
BK63_XPJ_20140817_140019_rgb_f000520,1
BK63_XPJ_20140817_140019_rgb_f000530,1
BK63_XPJ_20140817_140019_rgb_f000540,1
BK63_XPJ_20140817_140019_rgb_f000550,1
BK63_XPJ_20140817_140019_rgb_f000560,1
BK63_XPJ_20140817_140019_rgb_f000570,1
BK63_XPJ_20140817_140019_rgb_f000580,1
BK63_XPJ_20140817_140019_rgb_f000590,1
BK63_XPJ_20140817_140019_rgb_f000600,1
BK63_XPJ_20140817_140019_rgb_f000610,1
BK63_XPJ_20140817_140019_rgb_f000620,1
BK63_XPJ_20140817_140019_rgb_f000630,1
BK63_XPJ_20140817_140019_rgb_f000640,1
BK63_XPJ_20140817_140019_rgb_f000650,1
BK63_XPJ_20140817_140019_rgb_f000660,1
BK63_XPJ_20140817_140019_rgb_f000670,1
BK63_XPJ_20140817_140019_rgb_f000680,1
BK63_XPJ_20140817_140019_rgb_f000690,1
BK63_XPJ_20140817_140019_rgb_f000700,1
BK63_XPJ_20140817_140019_rgb_f000710,1
BK63_XPJ_20140817_140019_rgb_f000720,1
BK63_XPJ_20140817_140019_rgb_f000730,1
BK63_XPJ_20140817_140019_rgb_f000740,1
BK63_XPJ_20140817_140019_rgb_f000750,1
BK63_XPJ_20140817_140019_rgb_f000760,1
BK63_XPJ_20140817_140019_rgb_f000770,1
BK63_XPJ_20140817_140019_rgb_f000780,1
BK63_XPJ_20140817_140019_rgb_f000790,1
BK63_XPJ_20140817_140019_rgb_f000800,1
BK63_XPJ_20140817_140019_rgb_f000810,1
BK63_XPJ_20140817_140019_rgb_f000820,1
BK63_XPJ_20140817_140019_rgb_f000830,1
BK63_XPJ_20140817_140019_rgb_f000840,1
BK63_XPJ_20140817_140019_rgb_f000850,1
BK63_XPJ_20140817_140019_rgb_f000860,1
BK63_XPJ_20140817_140019_rgb_f000870,1
BK63_XPJ_20140817_140019_rgb_f000880,1
BK63_XPJ_20140817_140019_rgb_f000890,1
BK63_XPJ_20140817_140019_rgb_f000900,1
BK63_XPJ_20140817_140019_rgb_f000910,1
BK63_XPJ_20140817_140019_rgb_f000920,1
BK63_XPJ_20140817_140019_rgb_f000930,1
BK63_XPJ_20140817_140019_rgb_f000940,1
BK63_XPJ_20140817_140019_rgb_f000950,1
BK63_XPJ_20140817_140019_rgb_f000960,1
BK63_XPJ_20140817_140019_rgb_f000970,1
BK63_XPJ_20140817_140019_rgb_f000980,1
BK63_XPJ_20140817_140019_rgb_f000990,1
BK63_XPJ_20140817_140019_rgb_f001000,1
BK63_XPJ_20140817_140019_rgb_f001010,1
BK63_XPJ_20140817_140019_rgb_f001020,1
BK63_XPJ_20140817_140019_rgb_f001030,1
BK63_XPJ_20140817_140019_rgb_f001040,1
BK63_XPJ_20140817_140019_rgb_f001050,1
BK63_XPJ_20140817_140019_rgb_f001060,1
BK63_XPJ_20140817_140019_rgb_f001070,1
BK63_XPJ_20140817_140019_rgb_f001080,1
BK63_XPJ_20140817_140019_rgb_f001090,1
BK63_XPJ_20140817_140019_rgb_f001100,1
BK63_XPJ_20140817_140019_rgb_f001110,1
BK63_XPJ_20140817_140019_rgb_f001120,1
BK63_XPJ_20140817_140019_rgb_f001130,1
BK63_XPJ_20140817_140019_rgb_f001140,1
BK63_XPJ_20140817_140019_rgb_f001150,1
BK63_XPJ_20140817_140019_rgb_f001160,1
BK63_XPJ_20140817_140019_rgb_f001170,1
BK63_XPJ_20140817_140019_rgb_f001180,1
BK63_XPJ_20140817_140019_rgb_f001190,0
BK63_XPJ_20140817_140019_rgb_f001200,1
BK63_XPJ_20140817_140019_rgb_f001210,0
BK63_XPJ_20140817_140019_rgb_f001220,0
BK63_XPJ_20140817_140019_rgb_f001230,1
BK63_XPJ_20140817_140019_rgb_f001240,1
BK63_XPJ_20140817_140019_rgb_f001250,1
BK63_XPJ_20140817_140019_rgb_f001260,1
BK63_XPJ_20140817_140019_rgb_f001270,1
BK63_XPJ_20140817_140019_rgb_f001280,1
BK63_XPJ_20140817_140019_rgb_f001290,1
BK63_XPJ_20140817_140019_rgb_f001300,1
BK63_XPJ_20140817_140019_rgb_f001310,1
BK63_XPJ_20140817_140019_rgb_f001320,1
BK63_XPJ_20140817_140019_rgb_f001330,1
BK63_XPJ_20140817_140019_rgb_f001340,1
BK63_XPJ_20140817_140019_rgb_f001350,1
BK63_XPJ_20140817_140019_rgb_f001360,1
BK63_XPJ_20140817_140019_rgb_f001370,1
BK63_XPJ_20140817_140019_rgb_f001380,1
BK63_XPJ_20140817_140019_rgb_f001390,1
BK63_XPJ_20140817_140019_rgb_f001400,1
BK63_XPJ_20140817_140019_rgb_f001410,1
BK63_XPJ_20140817_140019_rgb_f001420,1
BK63_XPJ_20140817_140019_rgb_f001430,1
BK63_XPJ_20140817_140019_rgb_f001440,1
BK63_XPJ_20140817_140019_rgb_f001450,1
BK63_XPJ_20140817_140019_rgb_f001460,1
BK63_XPJ_20140817_140019_rgb_f001470,1
BK63_XPJ_20140817_140019_rgb_f001480,1
BK63_XPJ_20140817_140019_rgb_f001490,1
BK63_XPJ_20140817_140019_rgb_f001500,1
BK63_XPJ_20140817_140019_rgb_f001510,1
BK63_XPJ_20140817_140019_rgb_f001520,1
BK63_XPJ_20140817_140019_rgb_f001530,1
BK63_XPJ_20140817_140019_rgb_f001540,1
BK63_XPJ_20140817_140019_rgb_f001550,1
BK63_XPJ_20140817_140019_rgb_f001560,1
BK63_XPJ_20140817_140019_rgb_f001570,1
BK63_XPJ_20140817_140019_rgb_f001580,1
BK63_XPJ_20140817_140019_rgb_f001590,1
BK63_XPJ_20140817_140019_rgb_f001600,1
BK63_XPJ_20140817_140019_rgb_f001610,1
BK63_XPJ_20140817_140019_rgb_f001620,1
BK63_XPJ_20140817_140019_rgb_f001630,1
BK63_XPJ_20140817_140019_rgb_f001640,1
BK63_XPJ_20140817_140019_rgb_f001650,1
BK63_XPJ_20140817_140019_rgb_f001660,1
BK63_XPJ_20140817_140019_rgb_f001670,1
BK63_XPJ_20140817_140019_rgb_f001680,1
BK63_XPJ_20140817_140019_rgb_f001690,1
BK63_XPJ_20140817_140019_rgb_f001700,1
BK63_XPJ_20140817_140019_rgb_f001710,1
BK63_XPJ_20140817_140019_rgb_f001720,1
BK63_XPJ_20140817_140019_rgb_f001730,1
BK63_XPJ_20140817_140019_rgb_f001740,1
BK63_XPJ_20140817_140019_rgb_f001750,1
BK63_XPJ_20140817_140019_rgb_f001760,1
BK63_XPJ_20140817_140019_rgb_f001770,1
BK63_XPJ_20140817_140019_rgb_f001780,1
BK63_XPJ_20140817_140019_rgb_f001790,1
BK63_XPJ_20140817_140019_rgb_f001800,1
BK63_XPJ_20140817_140019_rgb_f001810,1
BK63_XPJ_20140817_140019_rgb_f001820,1
BK63_XPJ_20140817_140019_rgb_f001830,1
BK63_XPJ_20140817_140019_rgb_f001840,1
BK63_XPJ_20140817_140019_rgb_f001850,1
BK63_XPJ_20140817_140019_rgb_f001860,1
BK63_XPJ_20140817_140019_rgb_f001870,1
BK63_XPJ_20140817_140019_rgb_f001880,1
BK63_XPJ_20140817_140019_rgb_f001890,1
BK63_XPJ_20140817_140019_rgb_f001900,1
BK63_XPJ_20140817_140019_rgb_f001910,1
BK63_XPJ_20140817_140019_rgb_f001920,1
BK63_XPJ_20140817_140019_rgb_f001930,1
BK63_XPJ_20140817_140019_rgb_f001940,1
BK63_XPJ_20140817_140019_rgb_f001950,0
BK63_XPJ_20140817_140019_rgb_f001960,0
BK63_XPJ_20140817_140019_rgb_f001970,1
BK63_XPJ_20140817_140019_rgb_f001980,1
BK63_XPJ_20140817_140019_rgb_f001990,1
BK63_XPJ_20140817_140019_rgb_f002000,1
BK63_XPJ_20140817_140019_rgb_f002010,1
BK63_XPJ_20140817_140019_rgb_f002020,1
BK63_XPJ_20140817_140019_rgb_f002030,1
BK63_XPJ_20140817_140019_rgb_f002040,1
BK63_XPJ_20140817_140019_rgb_f002050,1
BK63_XPJ_20140817_140019_rgb_f002060,1
BK63_XPJ_20140817_140019_rgb_f002070,1
BK63_XPJ_20140817_140019_rgb_f002080,1
BK63_XPJ_20140817_140019_rgb_f002090,1
BK63_XPJ_20140817_140019_rgb_f002100,1
BK63_XPJ_20140817_140019_rgb_f002110,1
BK63_XPJ_20140817_140019_rgb_f002120,1
BK63_XPJ_20140817_140019_rgb_f002130,1
BK63_XPJ_20140817_140019_rgb_f002140,1
BK63_XPJ_20140817_140019_rgb_f002150,1
BK63_XPJ_20140817_140019_rgb_f002160,1
BK63_XPJ_20140817_140019_rgb_f002170,1
BK63_XPJ_20140817_140019_rgb_f002180,1
BK63_XPJ_20140817_140019_rgb_f002190,1
BK63_XPJ_20140817_140019_rgb_f002200,1
BK63_XPJ_20140817_140019_rgb_f002210,1
BK63_XPJ_20140817_140019_rgb_f002220,1
BK63_XPJ_20140817_140019_rgb_f002230,1
BK63_XPJ_20140817_140019_rgb_f002240,1
BK63_XPJ_20140817_140019_rgb_f002250,1
BK63_XPJ_20140817_140019_rgb_f002260,1
BK63_XPJ_20140817_140019_rgb_f002270,1
BK63_XPJ_20140817_140019_rgb_f002280,1
BK63_XPJ_20140817_140019_rgb_f002290,1
BK63_XPJ_20140817_140019_rgb_f002300,1
BK63_XPJ_20140817_140019_rgb_f002310,1
BK63_XPJ_20140817_140019_rgb_f002320,1
BK63_XPJ_20140817_140019_rgb_f002330,1
BK63_XPJ_20140817_140019_rgb_f002340,1
BK63_XPJ_20140817_140019_rgb_f002350,1
BK63_XPJ_20140817_140019_rgb_f002360,1
BK63_XPJ_20140817_140019_rgb_f002370,1
BK63_XPJ_20140817_140019_rgb_f002380,1
BK63_XPJ_20140817_140019_rgb_f002390,1
BK63_XPJ_20140817_140019_rgb_f002400,1
BK63_XPJ_20140817_140019_rgb_f002410,1
BK63_XPJ_20140817_140019_rgb_f002420,1
BK63_XPJ_20140817_140019_rgb_f002430,1
BK63_XPJ_20140817_140019_rgb_f002440,1
BK63_XPJ_20140817_140019_rgb_f002450,1
BK63_XPJ_20140817_140019_rgb_f002460,1
BK63_XPJ_20140817_140019_rgb_f002470,1
BK63_XPJ_20140817_140019_rgb_f002480,1
BK63_XPJ_20140817_140019_rgb_f002490,1
BK63_XPJ_20140817_140019_rgb_f002500,1
BK63_XPJ_20140817_140019_rgb_f002510,1
BK63_XPJ_20140817_140019_rgb_f002520,1
BK63_XPJ_20140817_140019_rgb_f002530,1
BK63_XPJ_20140817_140019_rgb_f002540,1
BK63_XPJ_20140817_140019_rgb_f002550,1
BK63_XPJ_20140817_140019_rgb_f002560,1
BK63_XPJ_20140817_140019_rgb_f002570,1
BK63_XPJ_20140817_140019_rgb_f002580,1
BK63_XPJ_20140817_140019_rgb_f002590,1
BK63_XPJ_20140817_140019_rgb_f002600,1
BK63_XPJ_20140817_140019_rgb_f002610,1
BK63_XPJ_20140817_140019_rgb_f002620,1
BK63_XPJ_20140817_140019_rgb_f002630,1
BK63_XPJ_20140817_140019_rgb_f002640,1
BK63_XPJ_20140817_140019_rgb_f002650,1
BK63_XPJ_20140817_140019_rgb_f002660,1
BK63_XPJ_20140817_140019_rgb_f002670,1
BK63_XPJ_20140817_140019_rgb_f002680,1
BK63_XPJ_20140817_140019_rgb_f002690,1
BK63_XPJ_20140817_140019_rgb_f002700,1
BK63_XPJ_20140817_140019_rgb_f002710,1
BK63_XPJ_20140817_140019_rgb_f002720,1
BK63_XPJ_20140817_140019_rgb_f002730,1
BK63_XPJ_20140817_140019_rgb_f002740,1
BK63_XPJ_20140817_140019_rgb_f002750,1
BK63_XPJ_20140817_140019_rgb_f002760,1
BK63_XPJ_20140817_140019_rgb_f002770,1
BK63_XPJ_20140817_140019_rgb_f002780,1
BK63_XPJ_20140817_140019_rgb_f002790,1
BK63_XPJ_20140817_140019_rgb_f002800,1
BK63_XPJ_20140817_140019_rgb_f002810,1
BK63_XPJ_20140817_140019_rgb_f002820,1
BK63_XPJ_20140817_140019_rgb_f002830,0
BK63_XPJ_20140817_140019_rgb_f002840,1
BK63_XPJ_20140817_140019_rgb_f002850,1
BK63_XPJ_20140817_140019_rgb_f002860,1
BK63_XPJ_20140817_140019_rgb_f002870,1
BK63_XPJ_20140817_140019_rgb_f002880,1
BK63_XPJ_20140817_140019_rgb_f002890,1
BK63_XPJ_20140817_140019_rgb_f002900,1
BK63_XPJ_20140817_140019_rgb_f002910,1
BK63_XPJ_20140817_140019_rgb_f002920,1
BK63_XPJ_20140817_140019_rgb_f002930,1
BK63_XPJ_20140817_140019_rgb_f002940,1
BK63_XPJ_20140817_140019_rgb_f002950,1
BK63_XPJ_20140817_140019_rgb_f002960,1
BK63_XPJ_20140817_140019_rgb_f002970,1
BK63_XPJ_20140817_140019_rgb_f002980,1
BK63_XPJ_20140817_140019_rgb_f002990,1
BK63_XPJ_20140817_140019_rgb_f003000,1
BK63_XPJ_20140817_140019_rgb_f003010,1
BK63_XPJ_20140817_140019_rgb_f003020,1
BK63_XPJ_20140817_140019_rgb_f003030,1
BK63_XPJ_20140817_140019_rgb_f003040,1
BK63_XPJ_20140817_140019_rgb_f003050,1
BK63_XPJ_20140817_140019_rgb_f003060,1
BK63_XPJ_20140817_140019_rgb_f003070,1
BK63_XPJ_20140817_140019_rgb_f003080,1
BK63_XPJ_20140817_140019_rgb_f003090,1
BK63_XPJ_20140817_140019_rgb_f003100,1
BK63_XPJ_20140817_140019_rgb_f003110,1
BK63_XPJ_20140817_140019_rgb_f003120,1
BK63_XPJ_20140817_140019_rgb_f003130,1
BK63_XPJ_20140817_140019_rgb_f003140,1
BK63_XPJ_20140817_140019_rgb_f003150,1
BK63_XPJ_20140817_140019_rgb_f003160,1
BK63_XPJ_20140817_140019_rgb_f003170,1
BK63_XPJ_20140817_140019_rgb_f003180,1
BK63_XPJ_20140817_140019_rgb_f003190,1
BK63_XPJ_20140817_140019_rgb_f003200,1
BK63_XPJ_20140817_140019_rgb_f003210,1
BK63_XPJ_20140817_140019_rgb_f003220,1
BK63_XPJ_20140817_140019_rgb_f003230,1
BK63_XPJ_20140817_140019_rgb_f003240,1
BK63_XPJ_20140817_140019_rgb_f003250,1
BK63_XPJ_20140817_140019_rgb_f003260,1
BK63_XPJ_20140817_140019_rgb_f003270,1
BK63_XPJ_20140817_140019_rgb_f003280,1
BK63_XPJ_20140817_140019_rgb_f003290,1
BK63_XPJ_20140817_140019_rgb_f003300,1
BK63_XPJ_20140817_140019_rgb_f003310,1
BK63_XPJ_20140817_140019_rgb_f003320,1
BK63_XPJ_20140817_140019_rgb_f003330,1
BK63_XPJ_20140817_140019_rgb_f003340,1
BK63_XPJ_20140817_140019_rgb_f003350,1
BK63_XPJ_20140817_140019_rgb_f003360,1
BK63_XPJ_20140817_140019_rgb_f003370,1
BK63_XPJ_20140817_140019_rgb_f003380,1
BK63_XPJ_20140817_140019_rgb_f003390,1
BK63_XPJ_20140817_140019_rgb_f003400,1
BK63_XPJ_20140817_140019_rgb_f003410,1
BK63_XPJ_20140817_140019_rgb_f003420,1
BK63_XPJ_20140817_140019_rgb_f003430,1
BK63_XPJ_20140817_140019_rgb_f003440,1
BK63_XPJ_20140817_140019_rgb_f003450,1
BK63_XPJ_20140817_140019_rgb_f003460,1
BK63_XPJ_20140817_140019_rgb_f003470,1
BK63_XPJ_20140817_140019_rgb_f003480,1
BK63_XPJ_20140817_140019_rgb_f003490,1
BK63_XPJ_20140817_140019_rgb_f003500,1
BK63_XPJ_20140817_140019_rgb_f003510,1
BK63_XPJ_20140817_140019_rgb_f003520,0
BK63_XPJ_20140817_140019_rgb_f003530,0
BK63_XPJ_20140817_140019_rgb_f003540,0
BK63_XPJ_20140817_140019_rgb_f003550,1
BK63_XPJ_20140817_140019_rgb_f003560,1
BK63_XPJ_20140817_140019_rgb_f003570,1
BK63_XPJ_20140817_140019_rgb_f003580,0
BK63_XPJ_20140817_140019_rgb_f003590,0
BK63_XPJ_20140817_140019_rgb_f003600,0
BK63_XPJ_20140817_140019_rgb_f003610,0
BK63_XPJ_20140817_140019_rgb_f003620,1
BK63_XPJ_20140817_140019_rgb_f003630,1
BK63_XPJ_20140817_140019_rgb_f003640,1
BK63_XPJ_20140817_140019_rgb_f003650,1
BK63_XPJ_20140817_140019_rgb_f003660,1
BK63_XPJ_20140817_140019_rgb_f003670,1
BK63_XPJ_20140817_140019_rgb_f003680,1
BK63_XPJ_20140817_140019_rgb_f003690,1
BK63_XPJ_20140817_140019_rgb_f003700,1
BK63_XPJ_20140817_140019_rgb_f003710,1
BK63_XPJ_20140817_140019_rgb_f003720,1
BK63_XPJ_20140817_140019_rgb_f003730,1
BK63_XPJ_20140817_140019_rgb_f003740,1
BK63_XPJ_20140817_140019_rgb_f003750,1
BK63_XPJ_20140817_140019_rgb_f003760,1
BK63_XPJ_20140817_140019_rgb_f003770,1
BK63_XPJ_20140817_140019_rgb_f003780,1
BK63_XPJ_20140817_140019_rgb_f003790,1
BK63_XPJ_20140817_140019_rgb_f003800,1
BK63_XPJ_20140817_140019_rgb_f003810,1
BK63_XPJ_20140817_140019_rgb_f003820,1
BK63_XPJ_20140817_140019_rgb_f003830,1
BK63_XPJ_20140817_140019_rgb_f003840,1
BK63_XPJ_20140817_140019_rgb_f003850,1
BK63_XPJ_20140817_140019_rgb_f003860,1
BK63_XPJ_20140817_140019_rgb_f003870,1
BK63_XPJ_20140817_140019_rgb_f003880,1
BK63_XPJ_20140817_140019_rgb_f003890,1
BK63_XPJ_20140817_140019_rgb_f003900,1
BK63_XPJ_20140817_140019_rgb_f003910,1
BK63_XPJ_20140817_140019_rgb_f003920,1
BK63_XPJ_20140817_140019_rgb_f003930,1
BK63_XPJ_20140817_140019_rgb_f003940,1
BK63_XPJ_20140817_140019_rgb_f003950,1
BK63_XPJ_20140817_140019_rgb_f003960,1
BK63_XPJ_20140817_140019_rgb_f003970,1
BK63_XPJ_20140817_140019_rgb_f003980,1
BK63_XPJ_20140817_140019_rgb_f003990,1
BK63_XPJ_20140817_140019_rgb_f004000,1
BK63_XPJ_20140817_140019_rgb_f004010,1
BK63_XPJ_20140817_140019_rgb_f004020,1
BK63_XPJ_20140817_140019_rgb_f004030,1
BK63_XPJ_20140817_140019_rgb_f004040,1
BK63_XPJ_20140817_140019_rgb_f004050,1
BK63_XPJ_20140817_140019_rgb_f004060,1
BK63_XPJ_20140817_140019_rgb_f004070,1
BK63_XPJ_20140817_140019_rgb_f004080,1
BK63_XPJ_20140817_140019_rgb_f004090,1
BK63_XPJ_20140817_140019_rgb_f004100,1
BK63_XPJ_20140817_140019_rgb_f004110,1
BK63_XPJ_20140817_140019_rgb_f004120,1
BK63_XPJ_20140817_140019_rgb_f004130,1
BK63_XPJ_20140817_140019_rgb_f004140,1
BK63_XPJ_20140817_140019_rgb_f004150,1
BK63_XPJ_20140817_140019_rgb_f004160,1
BK63_XPJ_20140817_140019_rgb_f004170,1
BK63_XPJ_20140817_140019_rgb_f004180,1
BK63_XPJ_20140817_140019_rgb_f004190,1
BK63_XPJ_20140817_140019_rgb_f004200,1
BK63_XPJ_20140817_140019_rgb_f004210,1
BK63_XPJ_20140817_140019_rgb_f004220,1
BK63_XPJ_20140817_140019_rgb_f004230,1
BK63_XPJ_20140817_140019_rgb_f004240,1
BK63_XPJ_20140817_140019_rgb_f004250,1
BK63_XPJ_20140817_140019_rgb_f004260,1
BK63_XPJ_20140817_140019_rgb_f004270,1
BK63_XPJ_20140817_140019_rgb_f004280,1
BK63_XPJ_20140817_140019_rgb_f004290,1
BK63_XPJ_20140817_140019_rgb_f004300,1
BK63_XPJ_20140817_140019_rgb_f004310,1
BK63_XPJ_20140817_140019_rgb_f004320,1
BK63_XPJ_20140817_140019_rgb_f004330,1
BK63_XPJ_20140817_140019_rgb_f004340,1
BK63_XPJ_20140817_140019_rgb_f004350,1
BK63_XPJ_20140817_140019_rgb_f004360,1
BK63_XPJ_20140817_140019_rgb_f004370,1
BK63_XPJ_20140817_140019_rgb_f004380,1
BK63_XPJ_20140817_140019_rgb_f004390,1
BK63_XPJ_20140817_140019_rgb_f004400,1
BK63_XPJ_20140817_140019_rgb_f004410,1
BK63_XPJ_20140817_140019_rgb_f004420,1
BK63_XPJ_20140817_140019_rgb_f004430,1
BK63_XPJ_20140817_140019_rgb_f004440,1
BK63_XPJ_20140817_140019_rgb_f004450,1
BK63_XPJ_20140817_140019_rgb_f004460,1
BK63_XPJ_20140817_140019_rgb_f004470,0
BK63_XPJ_20140817_140019_rgb_f004480,0
BK63_XPJ_20140817_140019_rgb_f004490,1
BK63_XPJ_20140817_140019_rgb_f004500,1
BK63_XPJ_20140817_140019_rgb_f004510,1
BK63_XPJ_20140817_140019_rgb_f004520,1
BK63_XPJ_20140817_140019_rgb_f004530,1
BK63_XPJ_20140817_140019_rgb_f004540,1
BK63_XPJ_20140817_140019_rgb_f004550,1
BK63_XPJ_20140817_140019_rgb_f004560,1
BK63_XPJ_20140817_140019_rgb_f004570,1
BK63_XPJ_20140817_140019_rgb_f004580,1
BK63_XPJ_20140817_140019_rgb_f004590,1
BK63_XPJ_20140817_140019_rgb_f004600,1
BK63_XPJ_20140817_140019_rgb_f004610,1
BK63_XPJ_20140817_140019_rgb_f004620,1
BK63_XPJ_20140817_140019_rgb_f004630,1
BK63_XPJ_20140817_140019_rgb_f004640,1
BK63_XPJ_20140817_140019_rgb_f004650,1
BK63_XPJ_20140817_140019_rgb_f004660,1
BK63_XPJ_20140817_140019_rgb_f004670,1
BK63_XPJ_20140817_140019_rgb_f004680,1
BK63_XPJ_20140817_140019_rgb_f004690,1
BK63_XPJ_20140817_140019_rgb_f004700,1
BK63_XPJ_20140817_140019_rgb_f004710,1
BK63_XPJ_20140817_140019_rgb_f004720,1
BK63_XPJ_20140817_140019_rgb_f004730,1
BK63_XPJ_20140817_140019_rgb_f004740,1
BK63_XPJ_20140817_140019_rgb_f004750,1
BK63_XPJ_20140817_140019_rgb_f004760,1
BK63_XPJ_20140817_140019_rgb_f004770,1
BK63_XPJ_20140817_140019_rgb_f004780,1
BK63_XPJ_20140817_140019_rgb_f004790,1
BK63_XPJ_20140817_140019_rgb_f004800,1
BK63_XPJ_20140817_140019_rgb_f004810,1
BK63_XPJ_20140817_140019_rgb_f004820,1
BK63_XPJ_20140817_140019_rgb_f004830,1
BK63_XPJ_20140817_140019_rgb_f004840,1
BK63_XPJ_20140817_140019_rgb_f004850,1
BK63_XPJ_20140817_140019_rgb_f004860,1
BK63_XPJ_20140817_140019_rgb_f004870,1
BK63_XPJ_20140817_140019_rgb_f004880,1
BK63_XPJ_20140817_140019_rgb_f004890,1
BK63_XPJ_20140817_140019_rgb_f004900,1
BK63_XPJ_20140817_140019_rgb_f004910,1
BK63_XPJ_20140817_140019_rgb_f004920,0
BK63_XPJ_20140817_140019_rgb_f004930,1
BK63_XPJ_20140817_140019_rgb_f004940,1
BK63_XPJ_20140817_140019_rgb_f004950,1
BK63_XPJ_20140817_140019_rgb_f004960,1
BK63_XPJ_20140817_140019_rgb_f004970,1
BK63_XPJ_20140817_140019_rgb_f004980,1
BK63_XPJ_20140817_140019_rgb_f004990,1
BK63_XPJ_20140817_140019_rgb_f005000,1
BK63_XPJ_20140817_140019_rgb_f005010,1
BK63_XPJ_20140817_140019_rgb_f005020,1
BK63_XPJ_20140817_140019_rgb_f005030,1
BK63_XPJ_20140817_140019_rgb_f005040,1
BK63_XPJ_20140817_140019_rgb_f005050,1
BK63_XPJ_20140817_140019_rgb_f005060,1
BK63_XPJ_20140817_140019_rgb_f005070,1
BK63_XPJ_20140817_140019_rgb_f005080,1
BK63_XPJ_20140817_140019_rgb_f005090,1
BK63_XPJ_20140817_140019_rgb_f005100,1
BK63_XPJ_20140817_140019_rgb_f005110,1
BK63_XPJ_20140817_140019_rgb_f005120,1
BK63_XPJ_20140817_140019_rgb_f005130,1
BK63_XPJ_20140817_140019_rgb_f005140,1
BK63_XPJ_20140817_140019_rgb_f005150,1
BK63_XPJ_20140817_140019_rgb_f005160,1
BK63_XPJ_20140817_140019_rgb_f005170,1
BK63_XPJ_20140817_140019_rgb_f005180,1
BK63_XPJ_20140817_140019_rgb_f005190,1
BK63_XPJ_20140817_140019_rgb_f005200,1
BK63_XPJ_20140817_140019_rgb_f005210,1
BK63_XPJ_20140817_140019_rgb_f005220,1
BK63_XPJ_20140817_140019_rgb_f005230,1
BK63_XPJ_20140817_140019_rgb_f005240,1
BK63_XPJ_20140817_140019_rgb_f005250,1
BK63_XPJ_20140817_140019_rgb_f005260,1
BK63_XPJ_20140817_140019_rgb_f005270,1
BK63_XPJ_20140817_140019_rgb_f005280,1
BK63_XPJ_20140817_140019_rgb_f005290,1
BK63_XPJ_20140817_140019_rgb_f005300,1
BK63_XPJ_20140817_140019_rgb_f005310,1
BK63_XPJ_20140817_140019_rgb_f005320,1
BK63_XPJ_20140817_140019_rgb_f005330,1
BK63_XPJ_20140817_140019_rgb_f005340,1
BK63_XPJ_20140817_140019_rgb_f005350,1
BK63_XPJ_20140817_140019_rgb_f005360,1
BK63_XPJ_20140817_140019_rgb_f005370,1
BK63_XPJ_20140817_140019_rgb_f005380,1
BK63_XPJ_20140817_140019_rgb_f005390,1
BK63_XPJ_20140817_140019_rgb_f005400,1
BK63_XPJ_20140817_140019_rgb_f005410,1
BK63_XPJ_20140817_140019_rgb_f005420,1
BK63_XPJ_20140817_140019_rgb_f005430,1
BK63_XPJ_20140817_140019_rgb_f005440,1
BK63_XPJ_20140817_140019_rgb_f005450,1
BK63_XPJ_20140817_140019_rgb_f005460,1
BK63_XPJ_20140817_140019_rgb_f005470,1
BK63_XPJ_20140817_140019_rgb_f005480,1
BK63_XPJ_20140817_140019_rgb_f005490,1
BK63_XPJ_20140817_140019_rgb_f005500,1
BK63_XPJ_20140817_140019_rgb_f005510,1
BK63_XPJ_20140817_140019_rgb_f005520,1
BK63_XPJ_20140817_140019_rgb_f005530,1
BK63_XPJ_20140817_140019_rgb_f005540,1
BK63_XPJ_20140817_140019_rgb_f005550,1
BK63_XPJ_20140817_140019_rgb_f005560,1
BK63_XPJ_20140817_140019_rgb_f005570,1
BK63_XPJ_20140817_140019_rgb_f005580,1
BK63_XPJ_20140817_140019_rgb_f005590,1
BK63_XPJ_20140817_140019_rgb_f005600,1
BK63_XPJ_20140817_140019_rgb_f005610,1
BK63_XPJ_20140817_140019_rgb_f005620,1
BK63_XPJ_20140817_140019_rgb_f005630,1
BK63_XPJ_20140817_140019_rgb_f005640,1
BK63_XPJ_20140817_140019_rgb_f005650,1
BK63_XPJ_20140817_140019_rgb_f005660,1
BK63_XPJ_20140817_140019_rgb_f005670,1
BK63_XPJ_20140817_140019_rgb_f005680,1
BK63_XPJ_20140817_140019_rgb_f005690,1
BK63_XPJ_20140817_140019_rgb_f005700,1
BK63_XPJ_20140817_140019_rgb_f005710,1
BK63_XPJ_20140817_140019_rgb_f005720,1
BK63_XPJ_20140817_140019_rgb_f005730,1
BK63_XPJ_20140817_140019_rgb_f005740,1
BK63_XPJ_20140817_140019_rgb_f005750,1
BK63_XPJ_20140817_140019_rgb_f005760,1
BK63_XPJ_20140817_140019_rgb_f005770,1
BK63_XPJ_20140817_140019_rgb_f005780,1
BK63_XPJ_20140817_140019_rgb_f005790,1
BK63_XPJ_20140817_140019_rgb_f005800,1
BK63_XPJ_20140817_140019_rgb_f005810,1
BK63_XPJ_20140817_140019_rgb_f005820,1
BK63_XPJ_20140817_140019_rgb_f005830,1
BK63_XPJ_20140817_140019_rgb_f005840,1
BK63_XPJ_20140817_140019_rgb_f005850,1
BK63_XPJ_20140817_140019_rgb_f005860,1
BK63_XPJ_20140817_140019_rgb_f005870,1
BK63_XPJ_20140817_140019_rgb_f005880,1
BK63_XPJ_20140817_140019_rgb_f005890,1
BK63_XPJ_20140817_140019_rgb_f005900,1
BK63_XPJ_20140817_140019_rgb_f005910,1
BK63_XPJ_20140817_140019_rgb_f005920,1
BK63_XPJ_20140817_140019_rgb_f005930,1
BK63_XPJ_20140817_140019_rgb_f005940,1
BK63_XPJ_20140817_140019_rgb_f005950,1
BK63_XPJ_20140817_140019_rgb_f005960,0
BK63_XPJ_20140817_140019_rgb_f005970,1
BK63_XPJ_20140817_140019_rgb_f005980,1
BK63_XPJ_20140817_140019_rgb_f005990,1
BK63_XPJ_20140817_140019_rgb_f006000,1
BK63_XPJ_20140817_140019_rgb_f006010,1
BK63_XPJ_20140817_140019_rgb_f006020,1
BK63_XPJ_20140817_140019_rgb_f006030,1
BK63_XPJ_20140817_140019_rgb_f006040,1
BK63_XPJ_20140817_140019_rgb_f006050,1
BK63_XPJ_20140817_140019_rgb_f006060,1
BK63_XPJ_20140817_140019_rgb_f006070,1
BK63_XPJ_20140817_140019_rgb_f006080,1
BK63_XPJ_20140817_140019_rgb_f006090,1
BK63_XPJ_20140817_140019_rgb_f006100,1
BK63_XPJ_20140817_140019_rgb_f006110,1
BK63_XPJ_20140817_140019_rgb_f006120,1
BK63_XPJ_20140817_140019_rgb_f006130,1
BK63_XPJ_20140817_140019_rgb_f006140,1
BK63_XPJ_20140817_140019_rgb_f006150,1
BK63_XPJ_20140817_140019_rgb_f006160,1
BK63_XPJ_20140817_140019_rgb_f006170,1
BK63_XPJ_20140817_140019_rgb_f006180,1
BK63_XPJ_20140817_140019_rgb_f006190,1
BK63_XPJ_20140817_140019_rgb_f006200,1
BK63_XPJ_20140817_140019_rgb_f006210,1
BK63_XPJ_20140817_140019_rgb_f006220,1
BK63_XPJ_20140817_140019_rgb_f006230,1
BK63_XPJ_20140817_140019_rgb_f006240,1
BK63_XPJ_20140817_140019_rgb_f006250,1
BK63_XPJ_20140817_140019_rgb_f006260,1
BK63_XPJ_20140817_140019_rgb_f006270,1
BK63_XPJ_20140817_140019_rgb_f006280,1
BK63_XPJ_20140817_140019_rgb_f006290,1
BK63_XPJ_20140817_140019_rgb_f006300,1
BK63_XPJ_20140817_140019_rgb_f006310,1
BK63_XPJ_20140817_140019_rgb_f006320,1
BK63_XPJ_20140817_140019_rgb_f006330,1
BK63_XPJ_20140817_140019_rgb_f006340,1
BK63_XPJ_20140817_140019_rgb_f006350,1
BK63_XPJ_20140817_140019_rgb_f006360,1
BK63_XPJ_20140817_140019_rgb_f006370,1
BK63_XPJ_20140817_140019_rgb_f006380,1
BK63_XPJ_20140817_140019_rgb_f006390,1
BK63_XPJ_20140817_140019_rgb_f006400,1
BK63_XPJ_20140817_140019_rgb_f006410,1
BK63_XPJ_20140817_140019_rgb_f006420,1
BK63_XPJ_20140817_140019_rgb_f006430,1
BK63_XPJ_20140817_140019_rgb_f006440,1
BK63_XPJ_20140817_140019_rgb_f006450,1
BK63_XPJ_20140817_140019_rgb_f006460,1
BK63_XPJ_20140817_140019_rgb_f006470,1
BK63_XPJ_20140817_140019_rgb_f006480,1
BK63_XPJ_20140817_140019_rgb_f006490,1
BK63_XPJ_20140817_140019_rgb_f006500,1
BK63_XPJ_20140817_140019_rgb_f006510,1
BK63_XPJ_20140817_140019_rgb_f006520,1
BK63_XPJ_20140817_140019_rgb_f006530,1
BK63_XPJ_20140817_140019_rgb_f006540,1
BK63_XPJ_20140817_140019_rgb_f006550,1
BK63_XPJ_20140817_140019_rgb_f006560,1
BK63_XPJ_20140817_140019_rgb_f006570,1
BK63_XPJ_20140817_140019_rgb_f006580,1
BK63_XPJ_20140817_140019_rgb_f006590,1
BK63_XPJ_20140817_140019_rgb_f006600,1
BK63_XPJ_20140817_140019_rgb_f006610,1
BK63_XPJ_20140817_140019_rgb_f006620,1
BK63_XPJ_20140817_140019_rgb_f006630,1
BK63_XPJ_20140817_140019_rgb_f006640,1
BK63_XPJ_20140817_140019_rgb_f006650,1
BK63_XPJ_20140817_140019_rgb_f006660,1
BK63_XPJ_20140817_140019_rgb_f006670,1
BK63_XPJ_20140817_140019_rgb_f006680,1
BK63_XPJ_20140817_140019_rgb_f006690,0
BK63_XPJ_20140817_140019_rgb_f006700,0
BK63_XPJ_20140817_140019_rgb_f006710,0
BK63_XPJ_20140817_140019_rgb_f006720,0
BK63_XPJ_20140817_140019_rgb_f006730,0
BK63_XPJ_20140817_140019_rgb_f006740,0
BK63_XPJ_20140817_140019_rgb_f006750,1
BK63_XPJ_20140817_140019_rgb_f006760,1
BK63_XPJ_20140817_140019_rgb_f006770,1
BK63_XPJ_20140817_140019_rgb_f006780,1
BK63_XPJ_20140817_140019_rgb_f006790,1
BK63_XPJ_20140817_140019_rgb_f006800,1
BK63_XPJ_20140817_140019_rgb_f006810,1
BK63_XPJ_20140817_140019_rgb_f006820,1
BK63_XPJ_20140817_140019_rgb_f006830,1
BK63_XPJ_20140817_140019_rgb_f006840,1
BK63_XPJ_20140817_140019_rgb_f006850,1
BK63_XPJ_20140817_140019_rgb_f006860,1
BK63_XPJ_20140817_140019_rgb_f006870,1
BK63_XPJ_20140817_140019_rgb_f006880,1
BK63_XPJ_20140817_140019_rgb_f006890,1
BK63_XPJ_20140817_140019_rgb_f006900,1
BK63_XPJ_20140817_140019_rgb_f006910,1
BK63_XPJ_20140817_140019_rgb_f006920,1
BK63_XPJ_20140817_140019_rgb_f006930,1
BK63_XPJ_20140817_140019_rgb_f006940,1
BK63_XPJ_20140817_140019_rgb_f006950,1
BK63_XPJ_20140817_140019_rgb_f006960,1
BK63_XPJ_20140817_140019_rgb_f006970,1
BK63_XPJ_20140817_140019_rgb_f006980,0
BK63_XPJ_20140817_140019_rgb_f006990,1
BK63_XPJ_20140817_140019_rgb_f007000,1
BK63_XPJ_20140817_140019_rgb_f007010,1
BK63_XPJ_20140817_140019_rgb_f007020,1
BK63_XPJ_20140817_140019_rgb_f007030,1
BK63_XPJ_20140817_140019_rgb_f007040,1
BK63_XPJ_20140817_140019_rgb_f007050,1
BK63_XPJ_20140817_140019_rgb_f007060,1
BK63_XPJ_20140817_140019_rgb_f007070,1
BK63_XPJ_20140817_140019_rgb_f007080,1
BK63_XPJ_20140817_140019_rgb_f007090,1
BK63_XPJ_20140817_140019_rgb_f007100,1
BK63_XPJ_20140817_140019_rgb_f007110,1
BK63_XPJ_20140817_140019_rgb_f007120,1
BK63_XPJ_20140817_140019_rgb_f007130,1
BK63_XPJ_20140817_140019_rgb_f007140,1
BK63_XPJ_20140817_140019_rgb_f007150,1
BK63_XPJ_20140817_140019_rgb_f007160,1
BK63_XPJ_20140817_140019_rgb_f007170,1
BK63_XPJ_20140817_140019_rgb_f007180,1
BK63_XPJ_20140817_140019_rgb_f007190,1
BK63_XPJ_20140817_140019_rgb_f007200,1
BK63_XPJ_20140817_140019_rgb_f007210,1
BK63_XPJ_20140817_140019_rgb_f007220,1
BK63_XPJ_20140817_140019_rgb_f007230,1
BK63_XPJ_20140817_140019_rgb_f007240,1
BK63_XPJ_20140817_140019_rgb_f007250,1
BK63_XPJ_20140817_140019_rgb_f007260,1
BK63_XPJ_20140817_140019_rgb_f007270,1
BK63_XPJ_20140817_140019_rgb_f007280,1
BK63_XPJ_20140817_140019_rgb_f007290,1
BK63_XPJ_20140817_140019_rgb_f007300,1
BK63_XPJ_20140817_140019_rgb_f007310,1
BK63_XPJ_20140817_140019_rgb_f007320,1
BK63_XPJ_20140817_140019_rgb_f007330,0
BK63_XPJ_20140817_140019_rgb_f007340,0
BK63_XPJ_20140817_140019_rgb_f007350,0
BK63_XPJ_20140817_140019_rgb_f007360,0
BK63_XPJ_20140817_140019_rgb_f007370,1
BK63_XPJ_20140817_140019_rgb_f007380,1
BK63_XPJ_20140817_140019_rgb_f007390,1
BK63_XPJ_20140817_140019_rgb_f007400,1
BK63_XPJ_20140817_140019_rgb_f007410,1
BK63_XPJ_20140817_140019_rgb_f007420,1
BK63_XPJ_20140817_140019_rgb_f007430,1
BK63_XPJ_20140817_140019_rgb_f007440,1
BK63_XPJ_20140817_140019_rgb_f007450,1
BK63_XPJ_20140817_140019_rgb_f007460,1
BK63_XPJ_20140817_140019_rgb_f007470,1
BK63_XPJ_20140817_140019_rgb_f007480,1
BK63_XPJ_20140817_140019_rgb_f007490,1
BK63_XPJ_20140817_140019_rgb_f007500,1
BK63_XPJ_20140817_140019_rgb_f007510,1
BK63_XPJ_20140817_140019_rgb_f007520,1
BK63_XPJ_20140817_140019_rgb_f007530,1
BK63_XPJ_20140817_140019_rgb_f007540,1
BK63_XPJ_20140817_140019_rgb_f007550,1
BK63_XPJ_20140817_140019_rgb_f007560,1
BK63_XPJ_20140817_140019_rgb_f007570,1
BK63_XPJ_20140817_140019_rgb_f007580,1
BK63_XPJ_20140817_140019_rgb_f007590,1
BK63_XPJ_20140817_140019_rgb_f007600,1
BK63_XPJ_20140817_140019_rgb_f007610,1
BK63_XPJ_20140817_140019_rgb_f007620,1
BK63_XPJ_20140817_140019_rgb_f007630,1
BK63_XPJ_20140817_140019_rgb_f007640,1
BK63_XPJ_20140817_140019_rgb_f007650,1
BK63_XPJ_20140817_140019_rgb_f007660,1
BK63_XPJ_20140817_140019_rgb_f007670,1
BK63_XPJ_20140817_140019_rgb_f007680,1
BK63_XPJ_20140817_140019_rgb_f007690,1
BK63_XPJ_20140817_140019_rgb_f007700,1
BK63_XPJ_20140817_140019_rgb_f007710,1
BK63_XPJ_20140817_140019_rgb_f007720,1
BK63_XPJ_20140817_140019_rgb_f007730,1
BK63_XPJ_20140817_140019_rgb_f007740,0
BK63_XPJ_20140817_140019_rgb_f007750,0
BK63_XPJ_20140817_140019_rgb_f007760,0
BK63_XPJ_20140817_140019_rgb_f007770,1
BK63_XPJ_20140817_140019_rgb_f007780,1
BK63_XPJ_20140817_140019_rgb_f007790,1
BK63_XPJ_20140817_140019_rgb_f007800,1
BK63_XPJ_20140817_140019_rgb_f007810,1
BK63_XPJ_20140817_140019_rgb_f007820,1
BK63_XPJ_20140817_140019_rgb_f007830,1
BK63_XPJ_20140817_140019_rgb_f007840,1
BK63_XPJ_20140817_140019_rgb_f007850,1
BK63_XPJ_20140817_140019_rgb_f007860,1
BK63_XPJ_20140817_140019_rgb_f007870,1
BK63_XPJ_20140817_140019_rgb_f007880,0
BK63_XPJ_20140817_140019_rgb_f007890,0
BK63_XPJ_20140817_140019_rgb_f007900,0
BK63_XPJ_20140817_140019_rgb_f007910,1
BK63_XPJ_20140817_140019_rgb_f007920,1
BK63_XPJ_20140817_140019_rgb_f007930,1
BK63_XPJ_20140817_140019_rgb_f007940,1
BK63_XPJ_20140817_140019_rgb_f007950,1
BK63_XPJ_20140817_140019_rgb_f007960,1
BK63_XPJ_20140817_140019_rgb_f007970,1
BK63_XPJ_20140817_140019_rgb_f007980,1
BK63_XPJ_20140817_140019_rgb_f007990,1
BK63_XPJ_20140817_140019_rgb_f008000,1
BK63_XPJ_20140817_140019_rgb_f008010,1
BK63_XPJ_20140817_140019_rgb_f008020,1
BK63_XPJ_20140817_140019_rgb_f008030,1
BK63_XPJ_20140817_140019_rgb_f008040,1
BK63_XPJ_20140817_140019_rgb_f008050,1
BK63_XPJ_20140817_140019_rgb_f008060,1
BK63_XPJ_20140817_140019_rgb_f008070,1
BK63_XPJ_20140817_140019_rgb_f008080,1
BK63_XPJ_20140817_140019_rgb_f008090,1
BK63_XPJ_20140817_140019_rgb_f008100,1
BK63_XPJ_20140817_140019_rgb_f008110,1
BK63_XPJ_20140817_140019_rgb_f008120,1
BK63_XPJ_20140817_140019_rgb_f008130,1
BK63_XPJ_20140817_140019_rgb_f008140,1
BK63_XPJ_20140817_140019_rgb_f008150,1
BK63_XPJ_20140817_140019_rgb_f008160,1
BK63_XPJ_20140817_140019_rgb_f008170,1
BK63_XPJ_20140817_140019_rgb_f008180,0
BK63_XPJ_20140817_140019_rgb_f008190,0
BK63_XPJ_20140817_140019_rgb_f008200,0
BK63_XPJ_20140817_140019_rgb_f008210,1
BK63_XPJ_20140817_140019_rgb_f008220,1
BK63_XPJ_20140817_140019_rgb_f008230,1
BK63_XPJ_20140817_140019_rgb_f008240,1
BK63_XPJ_20140817_140019_rgb_f008250,1
BK63_XPJ_20140817_140019_rgb_f008260,1
BK63_XPJ_20140817_140019_rgb_f008270,1
BK63_XPJ_20140817_140019_rgb_f008280,1
BK63_XPJ_20140817_140019_rgb_f008290,1
BK63_XPJ_20140817_140019_rgb_f008300,1
BK63_XPJ_20140817_140019_rgb_f008310,1
BK63_XPJ_20140817_140019_rgb_f008320,1
BK63_XPJ_20140817_140019_rgb_f008330,1
BK63_XPJ_20140817_140019_rgb_f008340,1
BK63_XPJ_20140817_140019_rgb_f008350,1
BK63_XPJ_20140817_140019_rgb_f008360,0
BK63_XPJ_20140817_140019_rgb_f008370,0
BK63_XPJ_20140817_140019_rgb_f008380,1
BK63_XPJ_20140817_140019_rgb_f008390,1
BK63_XPJ_20140817_140019_rgb_f008400,1
BK63_XPJ_20140817_140019_rgb_f008410,0
BK63_XPJ_20140817_140019_rgb_f008420,1
BK63_XPJ_20140817_140019_rgb_f008430,1
BK63_XPJ_20140817_140019_rgb_f008440,1
BK63_XPJ_20140817_140019_rgb_f008450,1
BK63_XPJ_20140817_140019_rgb_f008460,1
BK63_XPJ_20140817_140019_rgb_f008470,1
BK63_XPJ_20140817_140019_rgb_f008480,1
BK63_XPJ_20140817_140019_rgb_f008490,1
BK63_XPJ_20140817_140019_rgb_f008500,1
BK63_XPJ_20140817_140019_rgb_f008510,1
BK63_XPJ_20140817_140019_rgb_f008520,1
BK63_XPJ_20140817_140019_rgb_f008530,1
BK63_XPJ_20140817_140019_rgb_f008540,1
BK63_XPJ_20140817_140019_rgb_f008550,1
BK63_XPJ_20140817_140019_rgb_f008560,1
BK63_XPJ_20140817_140019_rgb_f008570,1
BK63_XPJ_20140817_140019_rgb_f008580,1
BK63_XPJ_20140817_140019_rgb_f008590,1
BK63_XPJ_20140817_140019_rgb_f008600,1
BK63_XPJ_20140817_140019_rgb_f008610,1
BK63_XPJ_20140817_140019_rgb_f008620,1
BK63_XPJ_20140817_140019_rgb_f008630,1
BK63_XPJ_20140817_140019_rgb_f008640,1
BK63_XPJ_20140817_140019_rgb_f008650,1
BK63_XPJ_20140817_140019_rgb_f008660,1
BK63_XPJ_20140817_140019_rgb_f008670,1
BK63_XPJ_20140817_140019_rgb_f008680,1
BK63_XPJ_20140817_140019_rgb_f008690,1
BK63_XPJ_20140817_140019_rgb_f008700,1
BK63_XPJ_20140817_140019_rgb_f008710,1
BK63_XPJ_20140817_140019_rgb_f008720,1
BK63_XPJ_20140817_140019_rgb_f008730,1
BK63_XPJ_20140817_140019_rgb_f008740,1
BK63_XPJ_20140817_140019_rgb_f008750,1
BK63_XPJ_20140817_140019_rgb_f008760,1
BK63_XPJ_20140817_140019_rgb_f008770,1
BK63_XPJ_20140817_140019_rgb_f008780,0
BK63_XPJ_20140817_140019_rgb_f008790,1
BK63_XPJ_20140817_140019_rgb_f008800,1
BK63_XPJ_20140817_140019_rgb_f008810,1
BK63_XPJ_20140817_140019_rgb_f008820,1
BK63_XPJ_20140817_140019_rgb_f008830,1
BK63_XPJ_20140817_140019_rgb_f008840,1
BK63_XPJ_20140817_140019_rgb_f008850,1
BK63_XPJ_20140817_140019_rgb_f008860,1
BK63_XPJ_20140817_140019_rgb_f008870,1
BK63_XPJ_20140817_140019_rgb_f008880,1
BK63_XPJ_20140817_140019_rgb_f008890,1
BK63_XPJ_20140817_140019_rgb_f008900,1
LB-XL_814_20130830_193630_rgb_f000000,0
LB-XL_814_20130830_193630_rgb_f000010,0
LB-XL_814_20130830_193630_rgb_f000020,0
LB-XL_814_20130830_193630_rgb_f000030,0
LB-XL_814_20130830_193630_rgb_f000040,0
LB-XL_814_20130830_193630_rgb_f000050,0
LB-XL_814_20130830_193630_rgb_f000060,0
LB-XL_814_20130830_193630_rgb_f000070,0
LB-XL_814_20130830_193630_rgb_f000080,0
LB-XL_814_20130830_193630_rgb_f000090,0
LB-XL_814_20130830_193630_rgb_f000100,0
LB-XL_814_20130830_193630_rgb_f000110,0
LB-XL_814_20130830_193630_rgb_f000120,0
LB-XL_814_20130830_193630_rgb_f000130,0
LB-XL_814_20130830_193630_rgb_f000140,0
LB-XL_814_20130830_193630_rgb_f000150,0
LB-XL_814_20130830_193630_rgb_f000160,0
LB-XL_814_20130830_193630_rgb_f000170,0
LB-XL_814_20130830_193630_rgb_f000180,0
LB-XL_814_20130830_193630_rgb_f000190,0
LB-XL_814_20130830_193630_rgb_f000200,0
LB-XL_814_20130830_193630_rgb_f000210,0
LB-XL_814_20130830_193630_rgb_f000220,0
LB-XL_814_20130830_193630_rgb_f000230,0
LB-XL_814_20130830_193630_rgb_f000240,0
LB-XL_814_20130830_193630_rgb_f000250,0
LB-XL_814_20130830_193630_rgb_f000260,0
LB-XL_814_20130830_193630_rgb_f000270,0
LB-XL_814_20130830_193630_rgb_f000280,0
LB-XL_814_20130830_193630_rgb_f000290,0
LB-XL_814_20130830_193630_rgb_f000300,0
LB-XL_814_20130830_193630_rgb_f000310,0
LB-XL_814_20130830_193630_rgb_f000320,0
LB-XL_814_20130830_193630_rgb_f000330,0
LB-XL_814_20130830_193630_rgb_f000340,0
LB-XL_814_20130830_193630_rgb_f000350,0
LB-XL_814_20130830_193630_rgb_f000360,0
LB-XL_814_20130830_193630_rgb_f000370,0
LB-XL_814_20130830_193630_rgb_f000380,0
LB-XL_814_20130830_193630_rgb_f000390,0
LB-XL_814_20130830_193630_rgb_f000400,0
LB-XL_814_20130830_193630_rgb_f000410,0
LB-XL_814_20130830_193630_rgb_f000420,0
LB-XL_814_20130830_193630_rgb_f000430,0
LB-XL_814_20130830_193630_rgb_f000440,0
LB-XL_814_20130830_193630_rgb_f000450,0
LB-XL_814_20130830_193630_rgb_f000460,0
LB-XL_814_20130830_193630_rgb_f000470,0
LB-XL_814_20130830_193630_rgb_f000480,0
LB-XL_814_20130830_193630_rgb_f000490,0
LB-XL_814_20130830_193630_rgb_f000500,0
LB-XL_814_20130830_193630_rgb_f000510,0
LB-XL_814_20130830_193630_rgb_f000520,0
LB-XL_814_20130830_193630_rgb_f000530,0
LB-XL_814_20130830_193630_rgb_f000540,0
LB-XL_814_20130830_193630_rgb_f000550,0
LB-XL_814_20130830_193630_rgb_f000560,0
LB-XL_814_20130830_193630_rgb_f000570,0
LB-XL_814_20130830_193630_rgb_f000580,0
LB-XL_814_20130830_193630_rgb_f000590,0
LB-XL_814_20130830_193630_rgb_f000600,0
LB-XL_814_20130830_193630_rgb_f000610,0
LB-XL_814_20130830_193630_rgb_f000620,0
LB-XL_814_20130830_193630_rgb_f000630,0
LB-XL_814_20130830_193630_rgb_f000640,0
LB-XL_814_20130830_193630_rgb_f000650,0
LB-XL_814_20130830_193630_rgb_f000660,0
LB-XL_814_20130830_193630_rgb_f000670,0
LB-XL_814_20130830_193630_rgb_f000680,0
LB-XL_814_20130830_193630_rgb_f000690,0
LB-XL_814_20130830_193630_rgb_f000700,0
LB-XL_814_20130830_193630_rgb_f000710,0
LB-XL_814_20130830_193630_rgb_f000720,0
LB-XL_814_20130830_193630_rgb_f000730,0
LB-XL_814_20130830_193630_rgb_f000740,0
LB-XL_814_20130830_193630_rgb_f000750,0
LB-XL_814_20130830_193630_rgb_f000760,0
LB-XL_814_20130830_193630_rgb_f000770,0
LB-XL_814_20130830_193630_rgb_f000780,0
LB-XL_814_20130830_193630_rgb_f000790,0
LB-XL_814_20130830_193630_rgb_f000800,0
LB-XL_814_20130830_193630_rgb_f000810,0
LB-XL_814_20130830_193630_rgb_f000820,0
LB-XL_814_20130830_193630_rgb_f000830,0
LB-XL_814_20130830_193630_rgb_f000840,0
LB-XL_814_20130830_193630_rgb_f000850,0
LB-XL_814_20130830_193630_rgb_f000860,0
LB-XL_814_20130830_193630_rgb_f000870,0
LB-XL_814_20130830_193630_rgb_f000880,0
LB-XL_814_20130830_193630_rgb_f000890,0
LB-XL_814_20130830_193630_rgb_f000900,0
LB-XL_814_20130830_193630_rgb_f000910,0
LB-XL_814_20130830_193630_rgb_f000920,0
LB-XL_814_20130830_193630_rgb_f000930,0
LB-XL_814_20130830_193630_rgb_f000940,0
LB-XL_814_20130830_193630_rgb_f000950,0
LB-XL_814_20130830_193630_rgb_f000960,0
LB-XL_814_20130830_193630_rgb_f000970,0
LB-XL_814_20130830_193630_rgb_f000980,0
LB-XL_814_20130830_193630_rgb_f000990,0
LB-XL_814_20130830_193630_rgb_f001000,0
LB-XL_814_20130830_193630_rgb_f001010,0
LB-XL_814_20130830_193630_rgb_f001020,0
LB-XL_814_20130830_193630_rgb_f001030,0
LB-XL_814_20130830_193630_rgb_f001040,0
LB-XL_814_20130830_193630_rgb_f001050,0
LB-XL_814_20130830_193630_rgb_f001060,0
LB-XL_814_20130830_193630_rgb_f001070,0
LB-XL_814_20130830_193630_rgb_f001080,0
LB-XL_814_20130830_193630_rgb_f001090,0
LB-XL_814_20130830_193630_rgb_f001100,0
LB-XL_814_20130830_193630_rgb_f001110,0
LB-XL_814_20130830_193630_rgb_f001120,0
LB-XL_814_20130830_193630_rgb_f001130,0
LB-XL_814_20130830_193630_rgb_f001140,0
LB-XL_814_20130830_193630_rgb_f001150,0
LB-XL_814_20130830_193630_rgb_f001160,0
LB-XL_814_20130830_193630_rgb_f001170,0
LB-XL_814_20130830_193630_rgb_f001180,0
LB-XL_814_20130830_193630_rgb_f001190,0
LB-XL_814_20130830_193630_rgb_f001200,0
LB-XL_814_20130830_193630_rgb_f001210,0
LB-XL_814_20130830_193630_rgb_f001220,0
LB-XL_814_20130830_193630_rgb_f001230,0
LB-XL_814_20130830_193630_rgb_f001240,0
LB-XL_814_20130830_193630_rgb_f001250,0
LB-XL_814_20130830_193630_rgb_f001260,0
LB-XL_814_20130830_193630_rgb_f001270,0
LB-XL_814_20130830_193630_rgb_f001280,0
LB-XL_814_20130830_193630_rgb_f001290,0
LB-XL_814_20130830_193630_rgb_f001300,0
LB-XL_814_20130830_193630_rgb_f001310,0
LB-XL_814_20130830_193630_rgb_f001320,0
LB-XL_814_20130830_193630_rgb_f001330,0
LB-XL_814_20130830_193630_rgb_f001340,0
LB-XL_814_20130830_193630_rgb_f001350,0
LB-XL_814_20130830_193630_rgb_f001360,0
LB-XL_814_20130830_193630_rgb_f001370,0
LB-XL_814_20130830_193630_rgb_f001380,0
LB-XL_814_20130830_193630_rgb_f001390,0
LB-XL_814_20130830_193630_rgb_f001400,0
LB-XL_814_20130830_193630_rgb_f001410,0
LB-XL_814_20130830_193630_rgb_f001420,0
LB-XL_814_20130830_193630_rgb_f001430,0
LB-XL_814_20130830_193630_rgb_f001440,0
LB-XL_814_20130830_193630_rgb_f001450,0
LB-XL_814_20130830_193630_rgb_f001460,0
LB-XL_814_20130830_193630_rgb_f001470,0
LB-XL_814_20130830_193630_rgb_f001480,0
LB-XL_814_20130830_193630_rgb_f001490,0
LB-XL_814_20130830_193630_rgb_f001500,0
LB-XL_814_20130830_193630_rgb_f001510,0
LB-XL_814_20130830_193630_rgb_f001520,0
LB-XL_814_20130830_193630_rgb_f001530,0
LB-XL_814_20130830_193630_rgb_f001540,0
LB-XL_814_20130830_193630_rgb_f001550,0
LB-XL_814_20130830_193630_rgb_f001560,0
LB-XL_814_20130830_193630_rgb_f001570,0
LB-XL_814_20130830_193630_rgb_f001580,0
LB-XL_814_20130830_193630_rgb_f001590,0
LB-XL_814_20130830_193630_rgb_f001600,0
LB-XL_814_20130830_193630_rgb_f001610,0
LB-XL_814_20130830_193630_rgb_f001620,0
LB-XL_814_20130830_193630_rgb_f001630,0
LB-XL_814_20130830_193630_rgb_f001640,0
LB-XL_814_20130830_193630_rgb_f001650,0
LB-XL_814_20130830_193630_rgb_f001660,0
LB-XL_814_20130830_193630_rgb_f001670,0
LB-XL_814_20130830_193630_rgb_f001680,0
LB-XL_814_20130830_193630_rgb_f001690,0
LB-XL_814_20130830_193630_rgb_f001700,0
LB-XL_814_20130830_193630_rgb_f001710,0
LB-XL_814_20130830_193630_rgb_f001720,0
LB-XL_814_20130830_193630_rgb_f001730,0
LB-XL_814_20130830_193630_rgb_f001740,0
LB-XL_814_20130830_193630_rgb_f001750,0
LB-XL_814_20130830_193630_rgb_f001760,0
LB-XL_814_20130830_193630_rgb_f001770,0
LB-XL_814_20130830_193630_rgb_f001780,0
LB-XL_814_20130830_193630_rgb_f001790,0
LB-XL_814_20130830_193630_rgb_f001800,0
LB-XL_814_20130830_193630_rgb_f001810,0
LB-XL_814_20130830_193630_rgb_f001820,0
LB-XL_814_20130830_193630_rgb_f001830,0
LB-XL_814_20130830_193630_rgb_f001840,0
LB-XL_814_20130830_193630_rgb_f001850,0
LB-XL_814_20130830_193630_rgb_f001860,0
LB-XL_814_20130830_193630_rgb_f001870,0
LB-XL_814_20130830_193630_rgb_f001880,0
LB-XL_814_20130830_193630_rgb_f001890,0
LB-XL_814_20130830_193630_rgb_f001900,0
LB-XL_814_20130830_193630_rgb_f001910,0
LB-XL_814_20130830_193630_rgb_f001920,0
LB-XL_814_20130830_193630_rgb_f001930,0
LB-XL_814_20130830_193630_rgb_f001940,0
LB-XL_814_20130830_193630_rgb_f001950,0
LB-XL_814_20130830_193630_rgb_f001960,0
LB-XL_814_20130830_193630_rgb_f001970,0
LB-XL_814_20130830_193630_rgb_f001980,0
LB-XL_814_20130830_193630_rgb_f001990,0
LB-XL_814_20130830_193630_rgb_f002000,0
LB-XL_814_20130830_193630_rgb_f002010,0
LB-XL_814_20130830_193630_rgb_f002020,0
LB-XL_814_20130830_193630_rgb_f002030,0
LB-XL_814_20130830_193630_rgb_f002040,0
LB-XL_814_20130830_193630_rgb_f002050,0
LB-XL_814_20130830_193630_rgb_f002060,0
LB-XL_814_20130830_193630_rgb_f002070,0
LB-XL_814_20130830_193630_rgb_f002080,0
LB-XL_814_20130830_193630_rgb_f002090,0
LB-XL_814_20130830_193630_rgb_f002100,0
LB-XL_814_20130830_193630_rgb_f002110,0
LB-XL_814_20130830_193630_rgb_f002120,0
LB-XL_814_20130830_193630_rgb_f002130,0
LB-XL_814_20130830_193630_rgb_f002140,0
LB-XL_814_20130830_193630_rgb_f002150,0
LB-XL_814_20130830_193630_rgb_f002160,0
LB-XL_814_20130830_193630_rgb_f002170,0
LB-XL_814_20130830_193630_rgb_f002180,0
LB-XL_814_20130830_193630_rgb_f002190,0
LB-XL_814_20130830_193630_rgb_f002200,0
LB-XL_814_20130830_193630_rgb_f002210,0
LB-XL_814_20130830_193630_rgb_f002220,0
LB-XL_814_20130830_193630_rgb_f002230,0
LB-XL_814_20130830_193630_rgb_f002240,0
LB-XL_814_20130830_193630_rgb_f002250,0
LB-XL_814_20130830_193630_rgb_f002260,0
LB-XL_814_20130830_193630_rgb_f002270,0
LB-XL_814_20130830_193630_rgb_f002280,0
LB-XL_814_20130830_193630_rgb_f002290,0
LB-XL_814_20130830_193630_rgb_f002300,0
LB-XL_814_20130830_193630_rgb_f002310,0
LB-XL_814_20130830_193630_rgb_f002320,0
LB-XL_814_20130830_193630_rgb_f002330,0
LB-XL_814_20130830_193630_rgb_f002340,0
LB-XL_814_20130830_193630_rgb_f002350,0
LB-XL_814_20130830_193630_rgb_f002360,0
LB-XL_814_20130830_193630_rgb_f002370,0
LB-XL_814_20130830_193630_rgb_f002380,0
LB-XL_814_20130830_193630_rgb_f002390,0
LB-XL_814_20130830_193630_rgb_f002400,0
LB-XL_814_20130830_193630_rgb_f002410,0
LB-XL_814_20130830_193630_rgb_f002420,0
LB-XL_814_20130830_193630_rgb_f002430,0
LB-XL_814_20130830_193630_rgb_f002440,0
LB-XL_814_20130830_193630_rgb_f002450,0
LB-XL_814_20130830_193630_rgb_f002460,0
LB-XL_814_20130830_193630_rgb_f002470,0
LB-XL_814_20130830_193630_rgb_f002480,0
LB-XL_814_20130830_193630_rgb_f002490,0
LB-XL_814_20130830_193630_rgb_f002500,0
LB-XL_814_20130830_193630_rgb_f002510,0
LB-XL_814_20130830_193630_rgb_f002520,0
LB-XL_814_20130830_193630_rgb_f002530,0
LB-XL_814_20130830_193630_rgb_f002540,0
LB-XL_814_20130830_193630_rgb_f002550,0
LB-XL_814_20130830_193630_rgb_f002560,0
LB-XL_814_20130830_193630_rgb_f002570,0
LB-XL_814_20130830_193630_rgb_f002580,0
LB-XL_814_20130830_193630_rgb_f002590,0
LB-XL_814_20130830_193630_rgb_f002600,0
LB-XL_814_20130830_193630_rgb_f002610,0
LB-XL_814_20130830_193630_rgb_f002620,0
LB-XL_814_20130830_193630_rgb_f002630,0
LB-XL_814_20130830_193630_rgb_f002640,0
LB-XL_814_20130830_193630_rgb_f002650,0
LB-XL_814_20130830_193630_rgb_f002660,0
LB-XL_814_20130830_193630_rgb_f002670,0
LB-XL_814_20130830_193630_rgb_f002680,0
LB-XL_814_20130830_193630_rgb_f002690,0
LB-XL_814_20130830_193630_rgb_f002700,0
LB-XL_814_20130830_193630_rgb_f002710,0
LB-XL_814_20130830_193630_rgb_f002720,0
LB-XL_814_20130830_193630_rgb_f002730,0
LB-XL_814_20130830_193630_rgb_f002740,0
LB-XL_814_20130830_193630_rgb_f002750,0
LB-XL_814_20130830_193630_rgb_f002760,0
LB-XL_814_20130830_193630_rgb_f002770,0
LB-XL_814_20130830_193630_rgb_f002780,0
LB-XL_814_20130830_193630_rgb_f002790,0
LB-XL_814_20130830_193630_rgb_f002800,0
LB-XL_814_20130830_193630_rgb_f002810,0
LB-XL_814_20130830_193630_rgb_f002820,0
LB-XL_814_20130830_193630_rgb_f002830,0
LB-XL_814_20130830_193630_rgb_f002840,0
LB-XL_814_20130830_193630_rgb_f002850,0
LB-XL_814_20130830_193630_rgb_f002860,0
LB-XL_814_20130830_193630_rgb_f002870,0
LB-XL_814_20130830_193630_rgb_f002880,0
LB-XL_814_20130830_193630_rgb_f002890,0
LB-XL_814_20130830_193630_rgb_f002900,0
LB-XL_814_20130830_193630_rgb_f002910,0
LB-XL_814_20130830_193630_rgb_f002920,0
LB-XL_814_20130830_193630_rgb_f002930,0
LB-XL_814_20130830_193630_rgb_f002940,0
LB-XL_814_20130830_193630_rgb_f002950,0
LB-XL_814_20130830_193630_rgb_f002960,0
LB-XL_814_20130830_193630_rgb_f002970,0
LB-XL_814_20130830_193630_rgb_f002980,0
LB-XL_814_20130830_193630_rgb_f002990,0
LB-XL_814_20130830_193630_rgb_f003000,0
LB-XL_814_20130830_193630_rgb_f003010,0
LB-XL_814_20130830_193630_rgb_f003020,0
LB-XL_814_20130830_193630_rgb_f003030,0
LB-XL_814_20130830_193630_rgb_f003040,0
LB-XL_814_20130830_193630_rgb_f003050,0
LB-XL_814_20130830_193630_rgb_f003060,0
LB-XL_814_20130830_193630_rgb_f003070,0
LB-XL_814_20130830_193630_rgb_f003080,0
LB-XL_814_20130830_193630_rgb_f003090,0
LB-XL_814_20130830_193630_rgb_f003100,0
LB-XL_814_20130830_193630_rgb_f003110,0
LB-XL_814_20130830_193630_rgb_f003120,0
LB-XL_814_20130830_193630_rgb_f003130,0
LB-XL_814_20130830_193630_rgb_f003140,0
LB-XL_814_20130830_193630_rgb_f003150,0
LB-XL_814_20130830_193630_rgb_f003160,0
LB-XL_814_20130830_193630_rgb_f003170,0
LB-XL_814_20130830_193630_rgb_f003180,1
LB-XL_814_20130830_193630_rgb_f003190,0
LB-XL_814_20130830_193630_rgb_f003200,1
LB-XL_814_20130830_193630_rgb_f003210,1
LB-XL_814_20130830_193630_rgb_f003220,0
LB-XL_814_20130830_193630_rgb_f003230,1
LB-XL_814_20130830_193630_rgb_f003240,0
LB-XL_814_20130830_193630_rgb_f003250,0
LB-XL_814_20130830_193630_rgb_f003260,0
LB-XL_814_20130830_193630_rgb_f003270,0
LB-XL_814_20130830_193630_rgb_f003280,0
LB-XL_814_20130830_193630_rgb_f003290,0
LB-XL_814_20130830_193630_rgb_f003300,0
LB-XL_814_20130830_193630_rgb_f003310,0
LB-XL_814_20130830_193630_rgb_f003320,0
LB-XL_814_20130830_193630_rgb_f003330,0
LB-XL_814_20130830_193630_rgb_f003340,0
LB-XL_814_20130830_193630_rgb_f003350,0
LB-XL_814_20130830_193630_rgb_f003360,0
LB-XL_814_20130830_193630_rgb_f003370,0
LB-XL_814_20130830_193630_rgb_f003380,0
LB-XL_814_20130830_193630_rgb_f003390,0
LB-XL_814_20130830_193630_rgb_f003400,0
LB-XL_814_20130830_193630_rgb_f003410,0
LB-XL_814_20130830_193630_rgb_f003420,0
LB-XL_814_20130830_193630_rgb_f003430,0
LB-XL_814_20130830_193630_rgb_f003440,0
LB-XL_814_20130830_193630_rgb_f003450,0
LB-XL_814_20130830_193630_rgb_f003460,0
LB-XL_814_20130830_193630_rgb_f003470,0
LB-XL_814_20130830_193630_rgb_f003480,0
LB-XL_814_20130830_193630_rgb_f003490,0
LB-XL_814_20130830_193630_rgb_f003500,0
LB-XL_814_20130830_193630_rgb_f003510,0
LB-XL_814_20130830_193630_rgb_f003520,0
LB-XL_814_20130830_193630_rgb_f003530,0
LB-XL_814_20130830_193630_rgb_f003540,0
LB-XL_814_20130830_193630_rgb_f003550,0
LB-XL_814_20130830_193630_rgb_f003560,0
LB-XL_814_20130830_193630_rgb_f003570,0
LB-XL_814_20130830_193630_rgb_f003580,0
LB-XL_814_20130830_193630_rgb_f003590,0
LB-XL_814_20130830_193630_rgb_f003600,0
LB-XL_814_20130830_193630_rgb_f003610,0
LB-XL_814_20130830_193630_rgb_f003620,0
LB-XL_814_20130830_193630_rgb_f003630,0
LB-XL_814_20130830_193630_rgb_f003640,0
LB-XL_814_20130830_193630_rgb_f003650,0
LB-XL_814_20130830_193630_rgb_f003660,0
LB-XL_814_20130830_193630_rgb_f003670,0
LB-XL_814_20130830_193630_rgb_f003680,0
LB-XL_814_20130830_193630_rgb_f003690,0
LB-XL_814_20130830_193630_rgb_f003700,0
LB-XL_814_20130830_193630_rgb_f003710,0
LB-XL_814_20130830_193630_rgb_f003720,0
LB-XL_814_20130830_193630_rgb_f003730,0
LB-XL_814_20130830_193630_rgb_f003740,0
LB-XL_814_20130830_193630_rgb_f003750,0
LB-XL_814_20130830_193630_rgb_f003760,0
LB-XL_814_20130830_193630_rgb_f003770,0
LB-XL_814_20130830_193630_rgb_f003780,0
LB-XL_814_20130830_193630_rgb_f003790,0
LB-XL_814_20130830_193630_rgb_f003800,0
LB-XL_814_20130830_193630_rgb_f003810,0
LB-XL_814_20130830_193630_rgb_f003820,0
LB-XL_814_20130830_193630_rgb_f003830,0
LB-XL_814_20130830_193630_rgb_f003840,0
LB-XL_814_20130830_193630_rgb_f003850,0
LB-XL_814_20130830_193630_rgb_f003860,0
LB-XL_814_20130830_193630_rgb_f003870,0
LB-XL_814_20130830_193630_rgb_f003880,0
LB-XL_814_20130830_193630_rgb_f003890,0
LB-XL_814_20130830_193630_rgb_f003900,0
LB-XL_814_20130830_193630_rgb_f003910,0
LB-XL_814_20130830_193630_rgb_f003920,0
LB-XL_814_20130830_193630_rgb_f003930,0
LB-XL_814_20130830_193630_rgb_f003940,0
LB-XL_814_20130830_193630_rgb_f003950,0
LB-XL_814_20130830_193630_rgb_f003960,0
LB-XL_814_20130830_193630_rgb_f003970,0
LB-XL_814_20130830_193630_rgb_f003980,0
LB-XL_814_20130830_193630_rgb_f003990,0
LB-XL_814_20130830_193630_rgb_f004000,0
LB-XL_814_20130830_193630_rgb_f004010,0
LB-XL_814_20130830_193630_rgb_f004020,0
LB-XL_814_20130830_193630_rgb_f004030,0
LB-XL_814_20130830_193630_rgb_f004040,0
LB-XL_814_20130830_193630_rgb_f004050,0
LB-XL_814_20130830_193630_rgb_f004060,0
LB-XL_814_20130830_193630_rgb_f004070,0
LB-XL_814_20130830_193630_rgb_f004080,0
LB-XL_814_20130830_193630_rgb_f004090,0
LB-XL_814_20130830_193630_rgb_f004100,0
LB-XL_814_20130830_193630_rgb_f004110,0
LB-XL_814_20130830_193630_rgb_f004120,0
LB-XL_814_20130830_193630_rgb_f004130,0
LB-XL_814_20130830_193630_rgb_f004140,0
LB-XL_814_20130830_193630_rgb_f004150,0
LB-XL_814_20130830_193630_rgb_f004160,0
LB-XL_814_20130830_193630_rgb_f004170,0
LB-XL_814_20130830_193630_rgb_f004180,0
LB-XL_814_20130830_193630_rgb_f004190,0
LB-XL_814_20130830_193630_rgb_f004200,0
LB-XL_814_20130830_193630_rgb_f004210,0
LB-XL_814_20130830_193630_rgb_f004220,0
LB-XL_814_20130830_193630_rgb_f004230,0
LB-XL_814_20130830_193630_rgb_f004240,0
LB-XL_814_20130830_193630_rgb_f004250,0
LB-XL_814_20130830_193630_rgb_f004260,0
LB-XL_814_20130830_193630_rgb_f004270,0
LB-XL_814_20130830_193630_rgb_f004280,0
LB-XL_814_20130830_193630_rgb_f004290,0
LB-XL_814_20130830_193630_rgb_f004300,0
LB-XL_814_20130830_193630_rgb_f004310,0
LB-XL_814_20130830_193630_rgb_f004320,0
LB-XL_814_20130830_193630_rgb_f004330,0
LB-XL_814_20130830_193630_rgb_f004340,0
LB-XL_814_20130830_193630_rgb_f004350,0
LB-XL_814_20130830_193630_rgb_f004360,0
LB-XL_814_20130830_193630_rgb_f004370,0
LB-XL_814_20130830_193630_rgb_f004380,0
LB-XL_814_20130830_193630_rgb_f004390,0
LB-XL_814_20130830_193630_rgb_f004400,0
LB-XL_814_20130830_193630_rgb_f004410,0
LB-XL_814_20130830_193630_rgb_f004420,0
LB-XL_814_20130830_193630_rgb_f004430,0
LB-XL_814_20130830_193630_rgb_f004440,0
LB-XL_814_20130830_193630_rgb_f004450,0
LB-XL_814_20130830_193630_rgb_f004460,0
LB-XL_814_20130830_193630_rgb_f004470,0
LB-XL_814_20130830_193630_rgb_f004480,0
LB-XL_814_20130830_193630_rgb_f004490,0
LB-XL_814_20130830_193630_rgb_f004500,0
LB-XL_814_20130830_193630_rgb_f004510,0
LB-XL_814_20130830_193630_rgb_f004520,0
LB-XL_814_20130830_193630_rgb_f004530,0
LB-XL_814_20130830_193630_rgb_f004540,0
LB-XL_814_20130830_193630_rgb_f004550,0
LB-XL_814_20130830_193630_rgb_f004560,0
LB-XL_814_20130830_193630_rgb_f004570,0
LB-XL_814_20130830_193630_rgb_f004580,0
LB-XL_814_20130830_193630_rgb_f004590,0
LB-XL_814_20130830_193630_rgb_f004600,0
LB-XL_814_20130830_193630_rgb_f004610,0
LB-XL_814_20130830_193630_rgb_f004620,0
LB-XL_814_20130830_193630_rgb_f004630,0
LB-XL_814_20130830_193630_rgb_f004640,0
LB-XL_814_20130830_193630_rgb_f004650,0
LB-XL_814_20130830_193630_rgb_f004660,0
LB-XL_814_20130830_193630_rgb_f004670,0
LB-XL_814_20130830_193630_rgb_f004680,0
LB-XL_814_20130830_193630_rgb_f004690,0
LB-XL_814_20130830_193630_rgb_f004700,0
LB-XL_814_20130830_193630_rgb_f004710,0
LB-XL_814_20130830_193630_rgb_f004720,0
LB-XL_814_20130830_193630_rgb_f004730,0
LB-XL_814_20130830_193630_rgb_f004740,0
LB-XL_814_20130830_193630_rgb_f004750,0
LB-XL_814_20130830_193630_rgb_f004760,0
LB-XL_814_20130830_193630_rgb_f004770,0
LB-XL_814_20130830_193630_rgb_f004780,0
LB-XL_814_20130830_193630_rgb_f004790,0
LB-XL_814_20130830_193630_rgb_f004800,0
LB-XL_814_20130830_193630_rgb_f004810,0
LB-XL_814_20130830_193630_rgb_f004820,0
LB-XL_814_20130830_193630_rgb_f004830,0
LB-XL_814_20130830_193630_rgb_f004840,0
LB-XL_814_20130830_193630_rgb_f004850,0
LB-XL_814_20130830_193630_rgb_f004860,0
LB-XL_814_20130830_193630_rgb_f004870,0
LB-XL_814_20130830_193630_rgb_f004880,0
LB-XL_814_20130830_193630_rgb_f004890,0
LB-XL_814_20130830_193630_rgb_f004900,0
LB-XL_814_20130830_193630_rgb_f004910,0
LB-XL_814_20130830_193630_rgb_f004920,0
LB-XL_814_20130830_193630_rgb_f004930,0
LB-XL_814_20130830_193630_rgb_f004940,0
LB-XL_814_20130830_193630_rgb_f004950,0
LB-XL_814_20130830_193630_rgb_f004960,0
LB-XL_814_20130830_193630_rgb_f004970,0
LB-XL_814_20130830_193630_rgb_f004980,0
LB-XL_814_20130830_193630_rgb_f004990,0
LB-XL_814_20130830_193630_rgb_f005000,0
LB-XL_814_20130830_193630_rgb_f005010,0
LB-XL_814_20130830_193630_rgb_f005020,0
LB-XL_814_20130830_193630_rgb_f005030,0
LB-XL_814_20130830_193630_rgb_f005040,0
LB-XL_814_20130830_193630_rgb_f005050,0
LB-XL_814_20130830_193630_rgb_f005060,0
LB-XL_814_20130830_193630_rgb_f005070,0
LB-XL_814_20130830_193630_rgb_f005080,0
LB-XL_814_20130830_193630_rgb_f005090,0
LB-XL_814_20130830_193630_rgb_f005100,0
LB-XL_814_20130830_193630_rgb_f005110,0
LB-XL_814_20130830_193630_rgb_f005120,0
LB-XL_814_20130830_193630_rgb_f005130,0
LB-XL_814_20130830_193630_rgb_f005140,0
LB-XL_814_20130830_193630_rgb_f005150,0
LB-XL_814_20130830_193630_rgb_f005160,0
LB-XL_814_20130830_193630_rgb_f005170,0
LB-XL_814_20130830_193630_rgb_f005180,0
LB-XL_814_20130830_193630_rgb_f005190,0
LB-XL_814_20130830_193630_rgb_f005200,0
LB-XL_814_20130830_193630_rgb_f005210,0
LB-XL_814_20130830_193630_rgb_f005220,0
LB-XL_814_20130830_193630_rgb_f005230,0
LB-XL_814_20130830_193630_rgb_f005240,0
LB-XL_814_20130830_193630_rgb_f005250,0
LB-XL_814_20130830_193630_rgb_f005260,0
LB-XL_814_20130830_193630_rgb_f005270,0
LB-XL_814_20130830_193630_rgb_f005280,0
LB-XL_814_20130830_193630_rgb_f005290,0
LB-XL_814_20130830_193630_rgb_f005300,0
LB-XL_814_20130830_193630_rgb_f005310,0
LB-XL_814_20130830_193630_rgb_f005320,0
LB-XL_814_20130830_193630_rgb_f005330,0
LB-XL_814_20130830_193630_rgb_f005340,0
LB-XL_814_20130830_193630_rgb_f005350,0
LB-XL_814_20130830_193630_rgb_f005360,0
LB-XL_814_20130830_193630_rgb_f005370,0
LB-XL_814_20130830_193630_rgb_f005380,0
LB-XL_814_20130830_193630_rgb_f005390,0
LB-XL_814_20130830_193630_rgb_f005400,0
LB-XL_814_20130830_193630_rgb_f005410,0
LB-XL_814_20130830_193630_rgb_f005420,0
LB-XL_814_20130830_193630_rgb_f005430,0
LB-XL_814_20130830_193630_rgb_f005440,0
LB-XL_814_20130830_193630_rgb_f005450,0
LB-XL_814_20130830_193630_rgb_f005460,0
LB-XL_814_20130830_193630_rgb_f005470,0
LB-XL_814_20130830_193630_rgb_f005480,0
LB-XL_814_20130830_193630_rgb_f005490,0
LB-XL_814_20130830_193630_rgb_f005500,0
LB-XL_814_20130830_193630_rgb_f005510,0
LB-XL_814_20130830_193630_rgb_f005520,0
LB-XL_814_20130830_193630_rgb_f005530,0
LB-XL_814_20130830_193630_rgb_f005540,0
LB-XL_814_20130830_193630_rgb_f005550,0
LB-XL_814_20130830_193630_rgb_f005560,0
LB-XL_814_20130830_193630_rgb_f005570,0
LB-XL_814_20130830_193630_rgb_f005580,0
LB-XL_814_20130830_193630_rgb_f005590,0
LB-XL_814_20130830_193630_rgb_f005600,0
LB-XL_814_20130830_193630_rgb_f005610,0
LB-XL_814_20130830_193630_rgb_f005620,0
LB-XL_814_20130830_193630_rgb_f005630,0
LB-XL_814_20130830_193630_rgb_f005640,0
LB-XL_814_20130830_193630_rgb_f005650,0
LB-XL_814_20130830_193630_rgb_f005660,0
LB-XL_814_20130830_193630_rgb_f005670,0
LB-XL_814_20130830_193630_rgb_f005680,0
LB-XL_814_20130830_193630_rgb_f005690,0
LB-XL_814_20130830_193630_rgb_f005700,0
LB-XL_814_20130830_193630_rgb_f005710,0
LB-XL_814_20130830_193630_rgb_f005720,0
LB-XL_814_20130830_193630_rgb_f005730,0
LB-XL_814_20130830_193630_rgb_f005740,0
LB-XL_814_20130830_193630_rgb_f005750,0
LB-XL_814_20130830_193630_rgb_f005760,0
LB-XL_814_20130830_193630_rgb_f005770,0
LB-XL_814_20130830_193630_rgb_f005780,0
LB-XL_814_20130830_193630_rgb_f005790,0
LB-XL_814_20130830_193630_rgb_f005800,0
LB-XL_814_20130830_193630_rgb_f005810,0
LB-XL_814_20130830_193630_rgb_f005820,0
LB-XL_814_20130830_193630_rgb_f005830,0
LB-XL_814_20130830_193630_rgb_f005840,0
LB-XL_814_20130830_193630_rgb_f005850,0
LB-XL_814_20130830_193630_rgb_f005860,0
LB-XL_814_20130830_193630_rgb_f005870,0
LB-XL_814_20130830_193630_rgb_f005880,0
LB-XL_814_20130830_193630_rgb_f005890,0
LB-XL_814_20130830_193630_rgb_f005900,0
LB-XL_814_20130830_193630_rgb_f005910,0
LB-XL_814_20130830_193630_rgb_f005920,0
LB-XL_814_20130830_193630_rgb_f005930,0
LB-XL_814_20130830_193630_rgb_f005940,0
LB-XL_814_20130830_193630_rgb_f005950,0
LB-XL_814_20130830_193630_rgb_f005960,0
LB-XL_814_20130830_193630_rgb_f005970,0
LB-XL_814_20130830_193630_rgb_f005980,0
LB-XL_814_20130830_193630_rgb_f005990,0
LB-XL_814_20130830_193630_rgb_f006000,0
LB-XL_814_20130830_193630_rgb_f006010,0
LB-XL_814_20130830_193630_rgb_f006020,0
LB-XL_814_20130830_193630_rgb_f006030,0
LB-XL_814_20130830_193630_rgb_f006040,0
LB-XL_814_20130830_193630_rgb_f006050,0
LB-XL_814_20130830_193630_rgb_f006060,0
LB-XL_814_20130830_193630_rgb_f006070,0
LB-XL_814_20130830_193630_rgb_f006080,0
LB-XL_814_20130830_193630_rgb_f006090,0
LB-XL_814_20130830_193630_rgb_f006100,0
LB-XL_814_20130830_193630_rgb_f006110,0
LB-XL_814_20130830_193630_rgb_f006120,0
LB-XL_814_20130830_193630_rgb_f006130,0
LB-XL_814_20130830_193630_rgb_f006140,0
LB-XL_814_20130830_193630_rgb_f006150,0
LB-XL_814_20130830_193630_rgb_f006160,0
LB-XL_814_20130830_193630_rgb_f006170,0
LB-XL_814_20130830_193630_rgb_f006180,0
LB-XL_814_20130830_193630_rgb_f006190,0
LB-XL_814_20130830_193630_rgb_f006200,0
LB-XL_814_20130830_193630_rgb_f006210,0
LB-XL_814_20130830_193630_rgb_f006220,0
LB-XL_814_20130830_193630_rgb_f006230,0
LB-XL_814_20130830_193630_rgb_f006240,0
LB-XL_814_20130830_193630_rgb_f006250,0
LB-XL_814_20130830_193630_rgb_f006260,0
LB-XL_814_20130830_193630_rgb_f006270,0
LB-XL_814_20130830_193630_rgb_f006280,0
LB-XL_814_20130830_193630_rgb_f006290,0
LB-XL_814_20130830_193630_rgb_f006300,0
LB-XL_814_20130830_193630_rgb_f006310,0
LB-XL_814_20130830_193630_rgb_f006320,0
LB-XL_814_20130830_193630_rgb_f006330,0
LB-XL_814_20130830_193630_rgb_f006340,0
LB-XL_814_20130830_193630_rgb_f006350,0
LB-XL_814_20130830_193630_rgb_f006360,0
LB-XL_814_20130830_193630_rgb_f006370,0
LB-XL_814_20130830_193630_rgb_f006380,0
LB-XL_814_20130830_193630_rgb_f006390,0
LB-XL_814_20130830_193630_rgb_f006400,0
LB-XL_814_20130830_193630_rgb_f006410,0
LB-XL_814_20130830_193630_rgb_f006420,0
LB-XL_814_20130830_193630_rgb_f006430,0
LB-XL_814_20130830_193630_rgb_f006440,0
LB-XL_814_20130830_193630_rgb_f006450,0
LB-XL_814_20130830_193630_rgb_f006460,0
LB-XL_814_20130830_193630_rgb_f006470,0
LB-XL_814_20130830_193630_rgb_f006480,0
LB-XL_814_20130830_193630_rgb_f006490,0
LB-XL_814_20130830_193630_rgb_f006500,0
LB-XL_814_20130830_193630_rgb_f006510,0
LB-XL_814_20130830_193630_rgb_f006520,0
LB-XL_814_20130830_193630_rgb_f006530,0
LB-XL_814_20130830_193630_rgb_f006540,0
LB-XL_814_20130830_193630_rgb_f006550,0
LB-XL_814_20130830_193630_rgb_f006560,0
LB-XL_814_20130830_193630_rgb_f006570,0
LB-XL_814_20130830_193630_rgb_f006580,0
LB-XL_814_20130830_193630_rgb_f006590,0
LB-XL_814_20130830_193630_rgb_f006600,0
LB-XL_814_20130830_193630_rgb_f006610,0
LB-XL_814_20130830_193630_rgb_f006620,0
LB-XL_814_20130830_193630_rgb_f006630,0
LB-XL_814_20130830_193630_rgb_f006640,0
LB-XL_814_20130830_193630_rgb_f006650,0
LB-XL_814_20130830_193630_rgb_f006660,0
LB-XL_814_20130830_193630_rgb_f006670,0
LB-XL_814_20130830_193630_rgb_f006680,0
LB-XL_814_20130830_193630_rgb_f006690,0
LB-XL_814_20130830_193630_rgb_f006700,0
LB-XL_814_20130830_193630_rgb_f006710,0
LB-XL_814_20130830_193630_rgb_f006720,0
LB-XL_814_20130830_193630_rgb_f006730,0
LB-XL_814_20130830_193630_rgb_f006740,0
LB-XL_814_20130830_193630_rgb_f006750,0
LB-XL_814_20130830_193630_rgb_f006760,0
LB-XL_814_20130830_193630_rgb_f006770,0
LB-XL_814_20130830_193630_rgb_f006780,0
LB-XL_814_20130830_193630_rgb_f006790,0
LB-XL_814_20130830_193630_rgb_f006800,0
LB-XL_814_20130830_193630_rgb_f006810,0
LB-XL_814_20130830_193630_rgb_f006820,0
LB-XL_814_20130830_193630_rgb_f006830,0
LB-XL_814_20130830_193630_rgb_f006840,0
LB-XL_814_20130830_193630_rgb_f006850,0
LB-XL_814_20130830_193630_rgb_f006860,0
LB-XL_814_20130830_193630_rgb_f006870,0
LB-XL_814_20130830_193630_rgb_f006880,0
LB-XL_814_20130830_193630_rgb_f006890,0
LB-XL_814_20130830_193630_rgb_f006900,0
LB-XL_814_20130830_193630_rgb_f006910,0
LB-XL_814_20130830_193630_rgb_f006920,0
LB-XL_814_20130830_193630_rgb_f006930,0
LB-XL_814_20130830_193630_rgb_f006940,0
LB-XL_814_20130830_193630_rgb_f006950,0
LB-XL_814_20130830_193630_rgb_f006960,0
LB-XL_814_20130830_193630_rgb_f006970,0
LB-XL_814_20130830_193630_rgb_f006980,0
LB-XL_814_20130830_193630_rgb_f006990,0
LB-XL_814_20130830_193630_rgb_f007000,0
LB-XL_814_20130830_193630_rgb_f007010,0
LB-XL_814_20130830_193630_rgb_f007020,0
LB-XL_814_20130830_193630_rgb_f007030,0
LB-XL_814_20130830_193630_rgb_f007040,0
LB-XL_814_20130830_193630_rgb_f007050,0
LB-XL_814_20130830_193630_rgb_f007060,0
LB-XL_814_20130830_193630_rgb_f007070,0
LB-XL_814_20130830_193630_rgb_f007080,0
LB-XL_814_20130830_193630_rgb_f007090,0
LB-XL_814_20130830_193630_rgb_f007100,0
LB-XL_814_20130830_193630_rgb_f007110,0
LB-XL_814_20130830_193630_rgb_f007120,0
LB-XL_814_20130830_193630_rgb_f007130,0
LB-XL_814_20130830_193630_rgb_f007140,0
LB-XL_814_20130830_193630_rgb_f007150,0
LB-XL_814_20130830_193630_rgb_f007160,0
LB-XL_814_20130830_193630_rgb_f007170,0
LB-XL_814_20130830_193630_rgb_f007180,0
LB-XL_814_20130830_193630_rgb_f007190,0
LB-XL_814_20130830_193630_rgb_f007200,0
LB-XL_814_20130830_193630_rgb_f007210,0
LB-XL_814_20130830_193630_rgb_f007220,0
LB-XL_814_20130830_193630_rgb_f007230,0
LB-XL_814_20130830_193630_rgb_f007240,0
LB-XL_814_20130830_193630_rgb_f007250,0
LB-XL_814_20130830_193630_rgb_f007260,0
LB-XL_814_20130830_193630_rgb_f007270,0
LB-XL_814_20130830_193630_rgb_f007280,0
LB-XL_814_20130830_193630_rgb_f007290,0
LB-XL_814_20130830_193630_rgb_f007300,0
LB-XL_814_20130830_193630_rgb_f007310,0
LB-XL_814_20130830_193630_rgb_f007320,0
LB-XL_814_20130830_193630_rgb_f007330,0
LB-XL_814_20130830_193630_rgb_f007340,0
LB-XL_814_20130830_193630_rgb_f007350,0
LB-XL_814_20130830_193630_rgb_f007360,0
LB-XL_814_20130830_193630_rgb_f007370,0
LB-XL_814_20130830_193630_rgb_f007380,0
LB-XL_814_20130830_193630_rgb_f007390,0
LB-XL_814_20130830_193630_rgb_f007400,0
LB-XL_814_20130830_193630_rgb_f007410,0
LB-XL_814_20130830_193630_rgb_f007420,0
LB-XL_814_20130830_193630_rgb_f007430,0
LB-XL_814_20130830_193630_rgb_f007440,0
LB-XL_814_20130830_193630_rgb_f007450,0
LB-XL_814_20130830_193630_rgb_f007460,0
LB-XL_814_20130830_193630_rgb_f007470,0
LB-XL_814_20130830_193630_rgb_f007480,0
LB-XL_814_20130830_193630_rgb_f007490,0
LB-XL_814_20130830_193630_rgb_f007500,0
LB-XL_814_20130830_193630_rgb_f007510,0
LB-XL_814_20130830_193630_rgb_f007520,0
LB-XL_814_20130830_193630_rgb_f007530,0
LB-XL_814_20130830_193630_rgb_f007540,0
LB-XL_814_20130830_193630_rgb_f007550,0
LB-XL_814_20130830_193630_rgb_f007560,0
LB-XL_814_20130830_193630_rgb_f007570,0
LB-XL_814_20130830_193630_rgb_f007580,0
LB-XL_814_20130830_193630_rgb_f007590,0
LB-XL_814_20130830_193630_rgb_f007600,0
LB-XL_814_20130830_193630_rgb_f007610,0
LB-XL_814_20130830_193630_rgb_f007620,0
LB-XL_814_20130830_193630_rgb_f007630,0
LB-XL_814_20130830_193630_rgb_f007640,0
LB-XL_814_20130830_193630_rgb_f007650,0
LB-XL_814_20130830_193630_rgb_f007660,0
LB-XL_814_20130830_193630_rgb_f007670,0
LB-XL_814_20130830_193630_rgb_f007680,0
LB-XL_814_20130830_193630_rgb_f007690,0
LB-XL_814_20130830_193630_rgb_f007700,0
LB-XL_814_20130830_193630_rgb_f007710,0
LB-XL_814_20130830_193630_rgb_f007720,0
LB-XL_814_20130830_193630_rgb_f007730,0
LB-XL_814_20130830_193630_rgb_f007740,0
LB-XL_814_20130830_193630_rgb_f007750,0
LB-XL_814_20130830_193630_rgb_f007760,0
LB-XL_814_20130830_193630_rgb_f007770,0
LB-XL_814_20130830_193630_rgb_f007780,0
LB-XL_814_20130830_193630_rgb_f007790,0
LB-XL_814_20130830_193630_rgb_f007800,0
LB-XL_814_20130830_193630_rgb_f007810,0
LB-XL_814_20130830_193630_rgb_f007820,0
LB-XL_814_20130830_193630_rgb_f007830,0
LB-XL_814_20130830_193630_rgb_f007840,0
LB-XL_814_20130830_193630_rgb_f007850,0
LB-XL_814_20130830_193630_rgb_f007860,0
LB-XL_814_20130830_193630_rgb_f007870,0
LB-XL_814_20130830_193630_rgb_f007880,0
LB-XL_814_20130830_193630_rgb_f007890,0
LB-XL_814_20130830_193630_rgb_f007900,0
LB-XL_814_20130830_193630_rgb_f007910,0
LB-XL_814_20130830_193630_rgb_f007920,0
LB-XL_814_20130830_193630_rgb_f007930,0
LB-XL_814_20130830_193630_rgb_f007940,0
LB-XL_814_20130830_193630_rgb_f007950,0
LB-XL_814_20130830_193630_rgb_f007960,0
LB-XL_814_20130830_193630_rgb_f007970,0
LB-XL_814_20130830_193630_rgb_f007980,0
LB-XL_814_20130830_193630_rgb_f007990,0
LB-XL_814_20130830_193630_rgb_f008000,0
LB-XL_814_20130830_193630_rgb_f008010,0
LB-XL_814_20130830_193630_rgb_f008020,0
LB-XL_814_20130830_193630_rgb_f008030,0
LB-XL_814_20130830_193630_rgb_f008040,0
LB-XL_814_20130830_193630_rgb_f008050,0
LB-XL_814_20130830_193630_rgb_f008060,0
LB-XL_814_20130830_193630_rgb_f008070,0
LB-XL_814_20130830_193630_rgb_f008080,0
LB-XL_814_20130830_193630_rgb_f008090,0
LB-XL_814_20130830_193630_rgb_f008100,0
LB-XL_814_20130830_193630_rgb_f008110,0
LB-XL_814_20130830_193630_rgb_f008120,0
LB-XL_814_20130830_193630_rgb_f008130,0
LB-XL_814_20130830_193630_rgb_f008140,0
LB-XL_814_20130830_193630_rgb_f008150,0
LB-XL_814_20130830_193630_rgb_f008160,0
LB-XL_814_20130830_193630_rgb_f008170,0
LB-XL_814_20130830_193630_rgb_f008180,0
LB-XL_814_20130830_193630_rgb_f008190,0
LB-XL_814_20130830_193630_rgb_f008200,0
LB-XL_814_20130830_193630_rgb_f008210,0
LB-XL_814_20130830_193630_rgb_f008220,0
LB-XL_814_20130830_193630_rgb_f008230,0
LB-XL_814_20130830_193630_rgb_f008240,0
LB-XL_814_20130830_193630_rgb_f008250,0
LB-XL_814_20130830_193630_rgb_f008260,0
LB-XL_814_20130830_193630_rgb_f008270,0
LB-XL_814_20130830_193630_rgb_f008280,0
LB-XL_814_20130830_193630_rgb_f008290,0
LB-XL_814_20130830_193630_rgb_f008300,0
LB-XL_814_20130830_193630_rgb_f008310,0
LB-XL_814_20130830_193630_rgb_f008320,0
LB-XL_814_20130830_193630_rgb_f008330,0
LB-XL_814_20130830_193630_rgb_f008340,0
LB-XL_814_20130830_193630_rgb_f008350,0
LB-XL_814_20130830_193630_rgb_f008360,0
LB-XL_814_20130830_193630_rgb_f008370,0
LB-XL_814_20130830_193630_rgb_f008380,0
LB-XL_814_20130830_193630_rgb_f008390,0
LB-XL_814_20130830_193630_rgb_f008400,0
LB-XL_814_20130830_193630_rgb_f008410,0
LB-XL_814_20130830_193630_rgb_f008420,0
LB-XL_814_20130830_193630_rgb_f008430,0
LB-XL_814_20130830_193630_rgb_f008440,0
LB-XL_814_20130830_193630_rgb_f008450,0
LB-XL_814_20130830_193630_rgb_f008460,0
LB-XL_814_20130830_193630_rgb_f008470,0
LB-XL_814_20130830_193630_rgb_f008480,0
LB-XL_814_20130830_193630_rgb_f008490,0
LB-XL_814_20130830_193630_rgb_f008500,0
LB-XL_814_20130830_193630_rgb_f008510,0
LB-XL_814_20130830_193630_rgb_f008520,0
LB-XL_814_20130830_193630_rgb_f008530,0
LB-XL_814_20130830_193630_rgb_f008540,0
LB-XL_814_20130830_193630_rgb_f008550,0
LB-XL_814_20130830_193630_rgb_f008560,0
LB-XL_814_20130830_193630_rgb_f008570,0
LB-XL_814_20130830_193630_rgb_f008580,0
LB-XL_814_20130830_193630_rgb_f008590,0
LB-XL_814_20130830_193630_rgb_f008600,0
LB-XL_814_20130830_193630_rgb_f008610,0
LB-XL_814_20130830_193630_rgb_f008620,0
LB-XL_814_20130830_193630_rgb_f008630,0
LB-XL_814_20130830_193630_rgb_f008640,0
LB-XL_814_20130830_193630_rgb_f008650,0
LB-XL_814_20130830_193630_rgb_f008660,0
LB-XL_814_20130830_193630_rgb_f008670,0
LB-XL_814_20130830_193630_rgb_f008680,0
LB-XL_814_20130830_193630_rgb_f008690,0
LB-XL_814_20130830_193630_rgb_f008700,0
LB-XL_814_20130830_193630_rgb_f008710,0
LB-XL_814_20130830_193630_rgb_f008720,0
LB-XL_814_20130830_193630_rgb_f008730,0
LB-XL_814_20130830_193630_rgb_f008740,0
LB-XL_814_20130830_193630_rgb_f008750,0
LB-XL_814_20130830_193630_rgb_f008760,0
LB-XL_814_20130830_193630_rgb_f008770,0
LB-XL_814_20130830_193630_rgb_f008780,0
LB-XL_814_20130830_193630_rgb_f008790,0
LB-XL_814_20130830_193630_rgb_f008800,0
LB-XL_814_20130830_193630_rgb_f008810,0
LB-XL_814_20130830_193630_rgb_f008820,0
LB-XL_814_20130830_193630_rgb_f008830,0
LB-XL_814_20130830_193630_rgb_f008840,0
LB-XL_814_20130830_193630_rgb_f008850,0
LB-XL_814_20130830_193630_rgb_f008860,0
LB-XL_814_20130830_193630_rgb_f008870,0
LB-XL_814_20130830_193630_rgb_f008880,0
LB-XL_814_20130830_193630_rgb_f008890,0
LB-XL_814_20130830_193630_rgb_f008900,0
LB-XL_814_20130830_193630_rgb_f008910,0
LB-XL_814_20130830_193630_rgb_f008920,0
LB-XL_814_20130830_193630_rgb_f008930,0
